"章有财和张买买:新款SUV DBX推动了阿斯顿·马丁（Aston Martin）的销量,but只是减少亏损而依旧不挣钱。好几位同事都从它家跑路去了长安英国，捷豹，还有牛津的几家初创公司，当然也有去crew混日子的 英国  显示地图 原图 "
伏孽:总为浮云能蔽日，长安不见使人愁。  [组图共2张] 原图 
谎言的凤凰:#电视剧梦醒长安[超话]##成毅梦醒长安#  cy#成毅李炎# 愿你所有幸运，都不期而遇；愿你所有美好，都如约而至。愿以温柔岁月 ，赴你梦想之约。愿《梦醒长安》早日定挡! @成毅  
变美播报: “我知他遥远如月亮，但又好贴近我心脏” 视频文案cr:    易烊千玺   yyqx   四字  四字弟弟  千千  烊烊  小烊  小千  帅  可爱  长安十二时辰  易烊千玺李必  华为nova全球代言人  天猫代言人   易烊千玺  天猫  华为  中戏  宝马  麦当劳 罗莱家纺  阿玛尼EA  蒂芙尼  特仑苏   阿玛尼全球彩妆及护肤代言人 易烊千玺蒂芙尼全球代言人 #美妆##时尚##医美#  http://t.cn/A6V7Cufg 
Chatford:#成毅0517生日快乐 毅淇同行# #成毅梦醒长安# 最好的成毅，你就像寒冷冬季的一抹温暖的阳光，照进人的心里最柔软的地方 .@成毅   [组图共3张] 原图 
爱自己美好: 如何快速开启一场奇幻之旅？看化身魔法师，用AI短视频中的魔法天空功能呼风唤雨，展现真正的控雨技术。还能召唤出可爱的猫咪，雨景、星云等虚幻视界！    易烊千玺   yyqx   四字  四字弟弟  千千  烊烊  小烊  小千  帅  可爱  长安十二时辰  易烊千玺李必  华为nova 球代言人  天猫代言人   易烊千玺  天猫  华为  中戏  宝马  麦当劳 罗莱家纺  阿玛尼EA  蒂芙尼  特仑苏   阿玛尼全球彩妆及护肤代言人 #美妆##时尚##医美#  http://t.cn/A6V7C8rW 
傅诗淇是77:#成毅梦醒长安# cy #成毅沉香如屑#成毅，你从不孤单。因为，这个世上有一些人，正在努力地走向你的身边。@成毅  [组图共9张] 原图 
不喜欢吃TwoKnocker:#白灼无味段奥娟[超话]##段奥娟参演音乐剧近乎正常# #段奥娟 我亲爱的小洁癖插曲# 0511【段奥娟 爷爷的花园】 【段奥娟 Please Don't Cry】【段奥娟 凡人】【段奥娟 never cry】【段奥娟 元気满分】【段奥娟 第一束阳光】【段奥娟 国漫拾忆长安】【段奥娟 拾忆长安】【段奥娟 久久】【段奥娟新歌半熟期待 】【段奥娟 落雪为期】【段奥娟首张个人专辑半熟秘密】【段奥娟 一封诗笺】【段奥娟赘婿插曲】【 段奥娟向往】【段奥娟参演音乐剧近乎正常】【段奥娟良辰美景好时光片头主题曲】【段奥娟 我亲爱的小洁癖插曲】@段奥娟_CLARE 
饶忆影:【汽车新闻】【因动力总成原因召回27000辆cs35汽车】根据《缺陷汽车产品召回管理规定》的要求，长安汽车股份有限公司向国家质检总局提交了召回计划，决定自2013年6月21日起召回2012年8月14日至2013年6月5日期间生产的27624辆长安cs35汽车。  
不喜欢吃TwoKnocker:#白灼无味段奥娟[超话]##段奥娟参演音乐剧近乎正常# #段奥娟 我亲爱的小洁癖插曲# 0511【段奥娟 爷爷的花园】 【段奥娟 Please Don't Cry】【段奥娟 凡人】【段奥娟 never cry】【段奥娟 元気满分】【段奥娟 第一束阳光】【段奥娟 国漫拾忆长安】【段奥娟 拾忆长安】【段奥娟 久久】【段奥娟新歌半熟期待 】【段奥娟 落雪为期】【段奥娟首张个人专辑半熟秘密】【段奥娟 一封诗笺】【段奥娟赘婿插曲】【 段奥娟向往】【段奥娟参演音乐剧近乎正常】【段奥娟良辰美景好时光片头主题曲】【段奥娟 我亲爱的小洁癖插曲】@段奥娟_CLARE 
阿卡457:男助理成功变成男朋友小伙手段太棒了皮囊之下定档八月长安新剧定档月日开播网剧皮囊之下#金牌剪辑##微博放映厅##新星v计划#  阿卡457的微博视频  
心底蹦开出一枝一枝花:【汽车新闻】【长安升级版逸动将上市】长安逸动自2012年上市以来，已经累计销售新车40万辆。长安汽车股份有限公司副总裁刘波、表示：“明年3-4月份左右中期大改款逸动、包括逸动XT都会推出”。按照长安汽车规划在2016年普及In Call 3.0系统以及智能驾驶一级技术，未来逸动这款明星车型将搭载。  
之爱依存唯物i:【风景旅行】【唐番茄古道】玉树自古以来就是连接西藏、四川、西宁的交通要道，是唐番茄古道的必经之地。院内以古道和商业路为主线，在一起的名胜古迹、风土人情，更是千姿百态，美不胜收。唐番茄古道是从唐朝古都长安（现在的陕西省西安市）通往吐蕃逻辑（现在的西藏自治区拉萨市）的古代通道，西藏被称为“迎佛路”。 
ghsbdjdjv:#海底捞越[超话]##杨超越代言和平精英##杨超越代言芙丽芳丝# #全新MG5代言人杨超越#  杨超越 | ycy | cymm |杨超越粉丝 | 超越妹妹 村花 歪西歪 超超越越 晕车药 紫海 一场雨 ccyy 洛天然 董若萱 凤舞 仲夏满天心 长安诺 且听凤鸣 @杨超越  
大白兔tt奶糖:#肖战顾魏# 肖战顾魏#肖战余生请多指教#肖战余生请多指教 我喜欢肖战肖战好帅。肖战愿你所求皆如愿，所行化坦途，多喜乐，长安宁。肖战愿你每一天都奔走自己的热爱里，肖战开心快乐！肖战顺顺利利@X玖少年团肖战DAYTOY  [组图共6张] 原图 
一心一毅77:#成毅梦醒长安# cy #成毅沉香如屑#演员成毅脚踏实地，明确自己作为演员的责任和态度，专心磨练演技，塑造出一个又一个鲜活的角色。成毅，你的努力我们看见了，也肯定了你的演技。未来我们与你一同前行。@成毅  [组图共9张] 原图 
爱自己美好: “我知他遥远如月亮，但又好贴近我心脏” 视频文案cr:    易烊千玺   yyqx   四字  四字弟弟  千千  烊烊  小烊  小千  帅  可爱  长安十二时辰  易烊千玺李必  华为nova全球代言人  天猫代言人   易烊千玺  天猫  华为  中戏  宝马  麦当劳 罗莱家纺  阿玛尼EA  蒂芙尼  特仑苏   阿玛尼全球彩妆及护肤代言人 易烊千玺蒂芙尼全球代言人 #美妆##时尚##医美#  http://t.cn/A6V7Cajo 
冉安妮灬乏味:【汽车新闻】【或定名AXELA，国产全新马自达3有望5月份上市】新一代马自达3将由长安马自达国产。新车有望延续海外版名称AXELA，将提供1.5L、1.6L和2.0L三种发动机可选。预计售价在10万至17万之间。  
旅瑜然_123:【酷车鉴赏】【长安福特新库加】新车的前脸覆盖着大面积的伪装，但依然能看到空气网格的轮廓。新车采用了海外版的双重横幅镀铬。此外，新型的翼虎在前灯上进行了细致的处理。灯面板内部的机构稍微调整了一下，采用了环设计，加入了LED日照灯。保险杠两侧的雾灯形状和国外版的新型翼虎基本相同。  
风清心和188:分享星球故事 的@绿洲 动态：「20210511点赞祈福」 愿大家都能万事顺意！喜乐长安！#每日图片...绿洲  原图 
四方院夜三:未婚生育不享有产假，法律不认可未婚生育女性的权益，所以那些被渣男忽悠的妹子可别不领证就同居了，搞大肚子后人家不要你了，单位也不要你！呵呵，这社会就是这样的，法律就是这样的@中国政府网 @中国长安网 @央视新闻 @钧正平 @求是 @全国妇联女性之声 《未婚生育妈妈争取产假工资，北京高院受理再审申请！当事人称曾遭遇公司“冷暴力”》在北京工作多年的王女士，2016年未婚生育，产假结束后被公司辞退，并被用人单位拒绝发放产假工资。http://t.cn/A6V7CMIG 原图 
yanghao9617:分享星球故事 的@绿洲 动态：「20210511点赞祈福」 愿大家都能万事顺意！喜乐长安！#每日图片...绿洲  原图 
仍承弼乚:【汽车新闻】3月25日，新的比亚的夫3在济南上市，1。5. TI涡轮增压引擎增加，ESP也增加5。预计销售5万件，除此之外还有其他主人公。长安新在成都上市，设置丰富，搭载了新的1.4L引擎，与手动或AMOT变速箱搭配，预购了4-6万元。  
我爱吃毛豆吃不够:牙缝间隔很大，下排牙齿有四个蛮大的间隙。在@整牙美牙君 ，看了很多案例，觉得前后差距好大，变美了的那些小姐姐都是在哪里做的啊？可以给我推荐西安临潼区、长安区的吗？我的牙齿问题具体是三度深覆合、大小脸、下巴后缩、下巴后缩、错位。拜托啦牙齿矫正#西安整牙比较好的医院##西安哪里做矫正牙齿比较好# 
"单慕梦厦:【汽车新闻】【最美国产车 4月发布】近日有网络爆料，在今年4月份上海车展，长安将正式发布一款高端概念车，该车轴距将超过2900mm,与宝马5系同级别。据了解，该车内部代号为D101，早在2010年就已正式启动。作为长安汽车现有规划中的最高端车型，该车身长超过5米，轴距超2.9米。  "
伦丿落而成美:长安。 西安·大唐不夜城  显示地图 [组图共6张] 原图 
Cindim:#成毅梦醒长安# cy#成毅沉香如屑# 0511jft成毅，想見你，只想見你，未來過去，我只想見你～@成毅 台湾·屏东  显示地图 原图 
渠永福丶妖媚:【汽车新闻】【华晨中华新车销售3.98万辆。华晨中华旗下的新型迷你车正式命名为“中华猪”，正式上市。价格区间是3.98万元到4.58万元。华晨中华猪的轴距离为2400mm，和劲敌长安奔、比亚迪F0、江淮悦、众泰Z 100等小型车相同。前悬架是马夫森式的独立悬架，后悬架是扭转梁式的非独立悬架。  
"倾世醉红颜a:我想问问,如果要拔6颗牙齿这么多么?以后老了,嘴巴会不会瘪下去?海洋口腔、植德口腔、贝巢口腔都怎么样呀@整牙美牙君 ,我是西安临潼区、长安区范围的，牙齿主要是咬合不齐、稀疏、门牙牙缝大、多生牙、多生牙，准备近期看有没有合适的牙齿矫正#西安哪里补牙好又便宜##西安做牙齿矫正多少钱#  "
"我爱吃毛豆吃不够:右下5齿是乳牙,曲面有些坏，看过医生告诉我需要拔6颗牙,上两个智齿,以及牙模上打叉的牙齿请问西安临潼区、长安区这边有推荐的吗？@整牙美牙君 ，想找私立口腔，公立太贵了，排队什么的也麻烦！就希望早日解决我三度深覆合、大小脸、牙性前突、下巴后缩、露龈笑的问题牙齿矫正#西安正畸牙齿哪家医院最好##西安牙齿矫正价格表和方法# "
真实的不佳思:【游戏美女】【轻音少女平泽唯cosplay清纯无损】《轻音少女》平泽唯雪瞳、国内人气COER、代表作：《最终幻想》Tifa、《恶之王冠》U祈、《Fate/EXTRA》Nero、《长安幻夜》贺兰、《剑侠情缘三》天策、《圣传》阿修罗。  
兴智鑫乀:【名人轶事】孟浩然（689-740）是唐代诗人。襄阳，襄州（今湖北襄樊），俗称孟襄阳。因为他不是官员，所以也被称为孟山人。曾隐居在流明山。40岁的时候，你长安不应该是第一个被提拔的人。他曾在太学写诗。他的名字感动了龚青。他深信自己不再为它写作了。他和王伟有很好的友谊。听说王伟是被邀请到内务部来的。玄宗到了，他害怕呆在床下。 
P1Kaj1jiu:待到秋来九月八我花开后百花杀冲天香阵透长安满城尽带黄金甲  
时髦地家睿德灬:【汽车新闻】【2014款长安逸动上市】1月14日，2014款长安逸动在重庆正式上市。新型车将20种配置和细节升级，增加了1.5T涡轮增压版本。逸动2014款共发布了8种车型。  
曲俊达牧师:【汽车新闻】【长安新商品奔走奔走奔走本月发售】长安新商品将于3月20日正式发售。除了普通版和限定版两种车型外，今年5月新车将行驶。另外，发售个人预约的车型。消费者可以根据自己的喜好来定制。顺便说一下，3月20日发售的新型跑车都是长安铃木制造的。  
汪汪汪汪喵hunger:【小说故事】桃花下，你穿着便衣，半眯着眼，半靠在树上。青某流光，成体堂很年轻，扬言要去沙漠，不会失去国家。在黄昏，在春秋时期，胜利之歌伴随着凯旋。然而，国王在清朝历史上名垂青史，在塞外大漠中声名鹊起。盛世的长安，还记得当年你轻轻地把门埋了，看着我说：家里人和蓝燕的手都没有。  
快乐的散热小逗比女孩:【汽车新闻】【新型福克斯】这是长安福特的款福克斯的申报图，款福克斯有两个前脸图案。一个是网状格栅，一个是横放的镀铬格栅。车身的尺寸还没有变化，轴距也是2648mm，最大的变化来自动力系统。修正后的福克斯可以搭载1.0T、1.5T、1.6L三个动力系统进行选择。  
章献玉低沉:【汽车新闻】日前，长安福特发布了一组新锐专区官图。新车与海外车型相同，有普通版和运动版两种车型。据悉，新车将于2015年5月上市。外观方面，普通版和运动版的中国瑞杰将在格栅风格、前后保险杠、车轮等细节设计上有所不同。  
么才哲988:【名人轶事】李白和玉珍公主相遇后，会像风筝遇到风一样发生故事，只是运气不好。王伟也回到长安，正是他回心转意与玉珍公主一起生活的时候，一次孟浩燕和王伟正在谈话，突然唐玄宗来了。他吓了一跳，孟浩燕躺在床下，义王卫和玉珍公主的舅宅一样。  
是傅诗淇淇吖:#成毅梦醒长安# cy #成毅李炎#成毅最帅，成毅最优秀！演员成毅，未来可期！@成毅  原图 
_甜味奶茶_:#鞠婧祎热血长安[超话]# 🌺#鞠婧祎热血长安##向全世界安利鞠婧祎# 不求大红大紫🥀@鞠婧祎  [组图共2张] 原图 
_甜味奶茶_:#鞠婧祎热血长安[超话]# 🌺#鞠婧祎热血长安##向全世界安利鞠婧祎# 今年暑假，吃个冰淇淋吧@鞠婧祎  [组图共2张] 原图 
徐苗儿518:@开心小郭：给长安打广告[捂脸](扣好安全带。) 徐苗儿518的微博视频  
_甜味奶茶_:#鞠婧祎热血长安[超话]# 🌺#鞠婧祎热血长安##向全世界安利鞠婧祎# 上官紫苏化身鞠婧祎？@鞠婧祎  [组图共2张] 原图 
"很棒的股海分析哥:﻿中国股市指数风向标【个股分析】，以下个股有拿捏不准的 ,可直接发我，手中持有的任意股票也都可以解析： 奥特维嘉元科技协鑫能科亿纬锂能西水股份中国电影京粮控股中国石化东方能源ST尤夫长安汽车中青旅中国卫通海翔药业三峡新材﻿  "
_甜味奶茶_:#鞠婧祎热血长安[超话]#🌺#鞠婧祎热血长安##向全世界安利鞠婧祎# ( •̥́ ˍ •̀ू )鞠婧祎大姐姐@鞠婧祎  [组图共3张] 原图 
_甜味奶茶_:#鞠婧祎热血长安[超话]# 🌺#鞠婧祎热血长安##向全世界安利鞠婧祎# 只要平平安安就好@鞠婧祎  [组图共2张] 原图 
_甜味奶茶_:#鞠婧祎热血长安[超话]# 🌺#鞠婧祎热血长安##向全世界安利鞠婧祎# 四川的风会吹到广东吗💫@鞠婧祎  [组图共3张] 原图 
"cindy97871:上排中间靠右的一颗门牙有点外突,右边所有的牙齿整体向左倾,但是很齐,没有参差不齐的情况@整牙美牙君 ，能给我推荐一下西安临潼区、长安区的牙科吗？希望可以改善我骨性前突、门牙外翻、门牙牙缝大、笑线不好看、乳牙未脱落的问题，谢谢啦牙齿矫正#西安正畸哪家好##西安龅牙矫正多少钱#  "
_甜味奶茶_:#鞠婧祎热血长安[超话]# 🌺#鞠婧祎热血长安##向全世界安利鞠婧祎# 以前的照片，全被我翻出来了@鞠婧祎  [组图共4张] 原图 
_甜味奶茶_:#鞠婧祎热血长安[超话]#🌺#鞠婧祎热血长安##向全世界安利鞠婧祎# 你好，牵个手吗？@鞠婧祎  [组图共3张] 原图 
颜bg851:分享星球故事 的@绿洲 动态：#每日图片分享# 「20210511点赞祈福」 愿大家都能万事顺意！喜乐长安！#每日图片...绿洲  
保阳晖_:【汽车新闻】【长安福特新上市1月8日】安福特新产品翼后将于2015年1月8日正式上市，新汽车将根据动力在车种上装载。6T引擎1。据悉，将更换5T引擎，降低入门文件的价格。  
淇淇有话说:#傅诗淇的淇丝[超话]#cy#成毅梦醒长安# cy#成毅南风知我意# 说星星很亮的人，一定没见你的眼睛。像星辰坠落大海，像烟火燃向黑夜，像清风吹到夏日，像初雪覆盖冬天，你是点缀世界的美好@成毅  [组图共9张] 原图 
_甜味奶茶_:#鞠婧祎热血长安[超话]#🌺#鞠婧祎热血长安##向全世界安利鞠婧祎# 依然美美哒！！@鞠婧祎  [组图共6张] 原图 
栗同化Hamiltion:【汽车新闻】最近有个机器得到了新的7期SUV的情报查看了所获得的尺寸数据，新车长度、宽度、高度为460*1790*175mm，长距离为2765毫米，超过国内人气SUV长安C75轴，新汽车上市时，将进入自主品牌COMPIOV三个领域。  
张小珥r:#八月长安[超话]#记得八月大大有一句话不确定是不是《橘生淮南》里的了，只记得是说人与人的关系很脆弱。有人记得吗？求半夜失眠想这句话出处  
热带西瓜口香糖:#傅诗淇的淇丝[超话]#cy#成毅梦醒长安# cy#成毅南风知我意# 说星星很亮的人，一定没见你的眼睛。像星辰坠落大海，像烟火燃向黑夜，像清风吹到夏日，像初雪覆盖冬天，你是点缀世界的美好@成毅  [组图共9张] 原图 
秀美纯洁多音地JP7V:【汽车新闻】2016年1月14日，长安全新小型SUV-cs15正式投产，并将于3月正式上市，提前推出1.5L+5MT动力组合。”长安汽车品牌公关部部长杨大勇在2015年11月20日开幕的广州车展上表示，DCT将在CS15上市后一个季度内推出，未来还将推出1.0T发动机。  
咸鱼埠好ma:#抑郁症[超话]# 今天看到一段话，互勉劝别人的时候，倒是永远心思透彻，看淡红尘，拿得起放得下。承担他人的痛苦的时候，我们都分外坚强。人好像都是这样：处理别人的事情总是大刀阔斧，一把抓住主要问题，轮到自己却沉浸在细枝末节不肯放手。——八月长安《橘生淮南·暗恋》  原图 
惊慌静微迷恋美:【汽车新闻】【长安新商品奔走奔走奔走本月发售】长安新商品将于3月20日正式发售。除了普通版和限定版两种车型外，今年5月新车将行驶。另外，发售个人预约的车型。消费者可以根据自己的喜好来定制。顺便说一下，3月20日发售的新型跑车都是长安铃木制造的。  
好货都在这里:全部一个价~纯棉网红家居服睡裙【原价】39.9【劵后】19.9已抢13414件  戳评论领奍多人验货！公认不二之选，个性印花图案，裙子插袋简约使用！【赠运费险】 睡裙女夏季短袖纯棉宽松大码孕妇睡衣裙条纹学生薄款可外穿家居服    查隐藏优惠卷+返利加微：【xiaom337】 iFashion搭配的微博视频  [组图共3张] 原图 
小竹子_patientandplayful:TikTok太出息了，今天一个课请了某去了TikTok做高管的校友做speaker，整个课简而言之是教你怎么做网红   
抖音极速版邀请码官方V:现在的网红有多吃香: giao哥济南某酒吧露个脸，随便giao了两下，出场费20-30万   #搞笑视频##一句冷幽默#  内涵GIF菌的微博视频  
花瓣妖娆:网红打卡 厦门·太湖新城 花瓣妖娆的微博视频  显示地图 
LL_吃货旅行日记:英国第一顿堂食曼城街头的网红brunch打卡成功🍵🥩🍰🧋🍽🍓一天经历暴雨🌧冰雹🌦💨☀️🌈  [组图共9张] 原图 
用户7295094406:#网红酒店#  
整界叫兽的笔记:【有你想了解的吗？】上海做脂肪以及抽脂问的比较多的网红医院医生上海容妍柴云、王辉、李昕、汤学标、吴跃、顾海峰、张娟娟、杨运华上海星采郭华、王海涛、时宝义、秦玉良、张敬德、周聪、肖军磊怎么样？案例反馈？黑料？都可以问叫兽！或在下方查↓ 国内正规整形医院医生＆案例、价格、口碑、技术风格【查询入口】  
昱葉子or婷昂:时尚 春夏推荐|适合春夏的显白奶茶米棕色 夏天发色天天都被问的发色分享！ 显白不挑人！黄皮肤妹妹也很OK 是个很好驾驭的发色 不用漂|显白发色|春夏发色 广州染发 广州烫发 广州接发 时尚明星发型设计时尚前线发型网红发型#广州染发# 广州染发哪里好  [组图共3张] 原图 
正品美瞳推荐种草测评:【四小姐】6桶装大分量酸辣粉 【四小姐】酸辣粉，重庆正宗包邮正品网红即食桶装，速食方便面整箱6桶，嗨吃酸辣美味，用料十足！优质粉丝！劲道滑爽，粉丝晶莹剔透，滑嫩爽口~口感细腻，丝丝入味！吃了还想吃，汤也不放过！【赠运费险】 卷后只需【11.9】大洋   [组图共3张] 原图 
2016安静1002:分享@寻味长春 的@绿洲 动态：「下班回家不知道吃什么，就试试这道手撕包菜」 #网红美食# 下班回家不知道吃什么，就试试...绿洲  原图 
博物小君:【25.8】旺旺  冻痴旺仔网红棒棒冰雪糕*8    旺旺旺仔牛奶味冻痴网红冰淇淋雪糕碎冰冰棒棒冰冰棍冷饮零食8支一共有8种味道可以选，其中有2款是组合装的，这真的挺好吃的，而且可以常温保存，只要在吃之前放冰箱冻好再拿出来就可以了，不会占地方，不过常温直接打开的话，都是水哦，容易漏洒的！  [组图共9张] 原图 
剁手大牌酱:【25.8】旺旺  冻痴旺仔网红棒棒冰雪糕*8    旺旺旺仔牛奶味冻痴网红冰淇淋雪糕碎冰冰棒棒冰冰棍冷饮零食8支一共有8种味道可以选，其中有2款是组合装的，这真的挺好吃的，而且可以常温保存，只要在吃之前放冰箱冻好再拿出来就可以了，不会占地方，不过常温直接打开的话，都是水哦，容易漏洒的！  [组图共9张] 原图 
整界叫兽的笔记:【有你想了解的吗？】上海做脂肪以及抽脂问的比较多的网红医院医生上海千美程旭、李世勇、张志明、杜鹏、王培生、张军、罗文婷、黄烈文、李梁、朴光哲、章建林、李鸿君、张柱允怎么样？案例反馈？黑料？都可以问叫兽！或在下方查↓ 国内正规整形医院医生＆案例、价格、口碑、技术风格【查询入口】  
懒癌喵患者:【￥16.9】友臣散装500g营养早餐网红肉松饼 散装包装 日期新鲜工厂直发  [组图共3张] 原图 
白菜园大亨:【￥16.9】友臣散装500g营养早餐网红肉松饼 散装包装 日期新鲜工厂直发  [组图共3张] 原图 
小松鼠运白菜:【￥16.9】友臣散装500g营养早餐网红肉松饼 散装包装 日期新鲜工厂直发  [组图共3张] 原图 
挖券小团子:【￥16.9】友臣散装500g营养早餐网红肉松饼 散装包装 日期新鲜工厂直发  [组图共3张] 原图 
剁手淘淘菌:【￥16.9】友臣散装500g营养早餐网红肉松饼 散装包装 日期新鲜工厂直发  [组图共3张] 原图 
白菜就酱:【￥16.9】友臣散装500g营养早餐网红肉松饼 散装包装 日期新鲜工厂直发  [组图共3张] 原图 
看脸喵姐:投稿：花7800做了双眼皮，双眼皮做的是平行形的，闺蜜说我现在看着就像一个知名网红似的！  [组图共3张] 原图 
小小巫淘宝:【￥16.9】友臣散装500g营养早餐网红肉松饼 散装包装 日期新鲜工厂直发  [组图共3张] 原图 
爱马仕工匠级定制:10支口红界的网红常青树，如果只能拥有一支你选谁呢？ #好物推荐# #爱用物分享#  [组图共9张] 原图 
北美省钱快报:【Eve Lom官网 无门槛6折】 ：收获好皮肤的秘诀都在这 立即购买 超值装网红卸妆膏仅$81，夜间护肤第一步让你充满仪式感 立即购买 ；卸妆精油胶囊旅行装仅$15，独立包装方便携带 立即购买 ；急救面膜$51入手，让你的肌肤重现光彩！ 立即购买  [组图共9张] 原图 
淘券团子:【￥16.9】友臣散装500g营养早餐网红肉松饼 散装包装 日期新鲜工厂直发  [组图共3张] 原图 
满宝们的日常:登完城墙 来到了网红地 永兴坊 郑州·中牟县  显示地图 [组图共10张] 原图 
整界叫兽的笔记:【有你想了解的吗？】上海做脂肪以及抽脂问的比较多的网红医院医生列表上海鲁南杨明、徐丽娟、李安平、葛志鑫、陈海标、刘平、卢玲上海沪西李林、江宝华、管果、黄剑伟、张圆圆、赵鹏、朱海杰、王家贵怎么样？案例反馈？黑料？都可以问叫兽！或在下方查↓ 国内正规整形医院医生＆案例、价格、口碑、技术风格【查询入口】  
xia火火皮:发布了头条文章：《大快人心！被电视台点名批评之后，网红郭老师又被全平台封禁15天》  大快人心！被电视台点名批评之后，网红郭老师又被全平台封禁15天  
时间管理老妹:发布了头条文章：《大快人心！被电视台点名批评之后，网红郭老师又被全平台封禁15天》  大快人心！被电视台点名批评之后，网红郭老师又被全平台封禁15天  
全球塑美健身:发布了头条文章：《大快人心！被电视台点名批评之后，网红郭老师又被全平台封禁15天》  大快人心！被电视台点名批评之后，网红郭老师又被全平台封禁15天  
情伤蜀黍:发布了头条文章：《大快人心！被电视台点名批评之后，网红郭老师又被全平台封禁15天》  大快人心！被电视台点名批评之后，网红郭老师又被全平台封禁15天  
综艺连环秀:发布了头条文章：《大快人心！被电视台点名批评之后，网红郭老师又被全平台封禁15天》  大快人心！被电视台点名批评之后，网红郭老师又被全平台封禁15天  
娱乐四头:发布了头条文章：《大快人心！被电视台点名批评之后，网红郭老师又被全平台封禁15天》  大快人心！被电视台点名批评之后，网红郭老师又被全平台封禁15天  
趣视频:发布了头条文章：《大快人心！被电视台点名批评之后，网红郭老师又被全平台封禁15天》  大快人心！被电视台点名批评之后，网红郭老师又被全平台封禁15天  
大头小头都没有:发布了头条文章：《大快人心！被电视台点名批评之后，网红郭老师又被全平台封禁15天》  大快人心！被电视台点名批评之后，网红郭老师又被全平台封禁15天  
我在上辈子埋了谁:发布了头条文章：《大快人心！被电视台点名批评之后，网红郭老师又被全平台封禁15天》  大快人心！被电视台点名批评之后，网红郭老师又被全平台封禁15天  
都来一起溜溜:发布了头条文章：《大快人心！被电视台点名批评之后，网红郭老师又被全平台封禁15天》  大快人心！被电视台点名批评之后，网红郭老师又被全平台封禁15天  
集美颜值所:深圳割双眼皮和眼修复的民营医院都有哪些？深圳做双眼皮的民营医院真的巨多，一不注意就会挑花眼~深圳恩吉娜、深圳非凡、深圳美诗沁、深圳希诺、深圳多美美诺深圳弘美、深圳涵美、深圳东芳韵美、深圳回来、深圳晨曦、深圳军科、深圳春天深圳的网红医院也挺多的，建议姐妹们去正规有保障的医院做吧，多跑几家医院不要嫌麻烦。 
苏小辰Ke不说说话:#网红零食遇到过哪些坑# 315刚过去不久，消费者爆料购买良品铺子开出一袋蛆…食品安全问题一直受到高度重视，你们有过类似的经历吗？  
"种草囤货匠:【￥9.9】酸辣无骨盒装网红去骨柠檬泡椒鸡爪 赶快抢购吧,晚了就没有了哦~  [组图共3张] 原图 "
景和坤明:又一位全网千万粉丝的网红经济学家、书写得果然清晰。虽然我也不知道读它有啥用  [组图共3张] 原图 
"囤货买买菌:【￥9.9】酸辣无骨盒装网红去骨柠檬泡椒鸡爪 赶快抢购吧,晚了就没有了哦~  [组图共3张] 原图 "
"囤货小喵酱:【￥9.9】酸辣无骨盒装网红去骨柠檬泡椒鸡爪 赶快抢购吧,晚了就没有了哦~  [组图共3张] 原图 "
"白菜集装箱:【￥9.9】酸辣无骨盒装网红去骨柠檬泡椒鸡爪 赶快抢购吧,晚了就没有了哦~  [组图共3张] 原图 "
"领券柚子的手账:【￥9.9】酸辣无骨盒装网红去骨柠檬泡椒鸡爪 赶快抢购吧,晚了就没有了哦~  [组图共3张] 原图 "
"剁手白菜菌:【￥9.9】酸辣无骨盒装网红去骨柠檬泡椒鸡爪 赶快抢购吧,晚了就没有了哦~  [组图共3张] 原图 "
二五退休三十入土:男爱豆都是富婆和网红的。再怎么努力帮他洗，你在他眼里也只是个没钱的丑粉丝。  
"好物分享yo:【￥9.9】酸辣无骨盒装网红去骨柠檬泡椒鸡爪 赶快抢购吧,晚了就没有了哦~  [组图共3张] 原图 "
"好物分享yo:【￥9.9】酸辣无骨盒装网红去骨柠檬泡椒鸡爪 赶快抢购吧,晚了就没有了哦~  [组图共3张] 原图 "
零零酱c:为什么网红化妆像整容？而你化妆后就白了一点，原来是这里出了错 爱撸妆的小仙女的微博视频  
整形de那些事:#整形医生CICI# http://t.cn/A6buimUI  【DR.CICI专业吸脂瘦身医院】  北京威塑吸脂瘦身术后反馈  大腿吸脂+小腿吸脂术前术后效果分享威塑吸脂真的可以让你轻松瘦下来，快速拥有纤细大长腿，网红漫画腿。  DR.CICI独家新一代超声波乳化多余脂肪人工智能吸脂系统+威塑2代仪器+专属定制探针，不破坏周边组织，深层吸脂+浅层雕塑，配合吸脂术后消肿管理配方+魔力瘦定制减脂配方，帮助术后恢复，内外脂肪一起? [组图共9张] 原图 
向厨房开火:#不可辜负的美食#三刀能切20块的网红蛋糕，火了以后就偷工减料，重点是越来越贵了！ 向厨房开火的微博视频  
美食酱酱君:这家网红店“炒饭”不用人工，每天卖到凌晨2点，顾客排队一小时#向往的美食##美食大V秀# 美食酱酱君的微博视频  
今日必看:#大象#网红与大象互动，这个鼻子真的太可爱了吧，你喜欢了吗？ 今日必看的微博视频  
嘉兴咖啡爸爸:#嘉兴身边事#【保安学救护，服务网红地】昨天（5月10日），嘉兴市秀洲区怡恩救援队来到秀湖，对秀湖值勤的保安人员开展水上救援以及心肺复苏等多项应急救护技能培训。目前秀湖已成为嘉兴市民游玩打卡的网红地，每天都有大批市民前来游玩。通过此次培训全面提升秀湖保安的应急处置能力，更好的为游客提供安全服务。来源：读嘉新闻 http://t.cn/A6V7pNIL 
加拿大省钱快报:【露得清 | 近期好价】网红A醇晚霜$28+再减$10： http://t.cn/A6V7pNf7#露得清a醇精华#  [组图共9张] 原图 
威林爱健身:三只松鼠乳酸菌小伴侣面包 营养早餐代餐口袋手撕面包网红零食饼干生日蛋糕糕点520g/箱¥28.90有人问，你为什么健身还推荐这些零食，要我说，我不能只奉献不得到回报，大家买东西也算是对我的一种支持，我才有动力更新更多的内容。再说，谁说健身的人就不能吃零食了，只是你太胖，和你有需求减肥的人才需要管住嘴，而我，暂时不需要，偶尔的放纵也不会让你快速变胖啊！而且，这么多的视频，也是可以有选择的下单呀！你说，我说的是不是有些道理呢？ http://t.cn/A6VvqQ3C 原图 
威林爱健身:百草味每日坚果礼盒750g/30包网红休闲零食健康混合干果整箱¥119有人问，你为什么健身还推荐这些零食，要我说，我不能只奉献不得到回报，大家买东西也算是对我的一种支持，我才有动力更新更多的内容。再说，谁说健身的人就不能吃零食了，只是你太胖，和你有需求减肥的人才需要管住嘴，而我，暂时不需要，偶尔的放纵也不会让你快速变胖啊！而且，这么多的视频，也是可以有选择的下单呀！你说，我说的是不是有些道理呢？ http://t.cn/A6VvqQB0 原图 
Bleue_追剧:我和我的家乡现在看网红还要买票吗黄渤董子健小助手#微博放映厅##最佳剪辑手##新星v计划#  Bleue_追剧的微博视频  
PrettyLittleBitch:听室友说高中毕业开谢师宴，也就这几年的事情，文化生一桌，艺术体育生一桌，老师坐文化生那桌，艺术生里头有个女生当了网红成了名人，破格被老师邀请去文化生那一桌，坐老师边上。听完我心想，这狗日的破地方真踏马的完球了。  
圈内潮流:有种“变脸”叫网红滤镜，肖战锥子脸能刨地，千玺撞脸妙蛙种子  津津娱乐的微博视频  
"牙齿正畸葛天使:「箍牙案例」分享来自@牙齿矫正仙女酱 （找博主多对比了解才能找到最适合的牙医）牙套以前：嘴巴没办法闭拢矫正以后:排齐牙齿改善笑容，终于可以自信出街了！矫正心得：戴牙套还送完美侧颜和下巴！还在犹豫什么？赶快行动起来戴了不到一年多的牙套，就拥有了完美侧颜和甜美的微笑！现在和朋友在一起随时可以开怀大笑，不用捂着嘴了！北京/上海/广州/深圳/成都/杭州/郑州/福州8个城市有任何牙齿矫正疑问，以及下面所有问题，都可以找博主@牙齿矫正仙女酱,免费咨询哦#北京上海广州郑州整牙/深圳成都杭州福州整牙##说话喷口水/下牙齿稀疏/牙小且稀疏/门牙有缝中间发黑/等症状矫正问题都可以问##北京上海广州郑州隐形牙套/深圳成都杭州福州隐形牙套##北京带牙套的/成都做隐形矫正医院哪家最好/成都做整牙哪家医院好/北京牙齿矫正价格多少/成都带牙套的害处等都可以问##北京上海广州郑州牙齿矫正/深圳成都杭州福州牙齿矫正##福州整牙联系齿医生/郑州在哪做牙齿矫正好/杭州口腔牙齿矫正/广州网红正畸/广州隐形牙套价格咨询等都可以问# "
葡小萄_ijc:不是吧啊sir这么好看的地方你还没有打卡吗就在盐城KKV来盐城的时候就掀起了一阵打卡风潮现在赶紧去买买买拍拍拍解忧杂货仓据说有2w＋的生活好物，我在里面逛了一下，除了种类很多之外，感觉选品都是有侧重的，都是性价比很高的那些，涵盖酒水、护肤、彩妆、母婴、家居、服装、宠物、文?不是吧啊sir这么好看的地方你还没有打卡吗就在盐城KKV来盐城的时候就掀起了一阵打卡风潮现在赶紧去买买买拍拍拍解忧杂货仓据说有2w＋的生活好物，我在里面逛了一下，除了种类很多之外，感觉选品都是有侧重的，都是性价比很高的那些，涵盖酒水、护肤、彩妆、母婴、家居、服装、宠物、文具、植物……好多颜值都好高啊，基本上逛了就不太可能会空手出来。我最喜欢的就是里面的酒柜，简直就是我的最爱酒瘾少女必备有个各种各样的果酒起泡酒超好拍网红墙除了买买买，怎么可以放过拍拍拍，KKV里面的每一个地方都好打卡拍照，除了刚才说到的酒柜以外KKV这几个区域很适合拍照?门口集装箱式的KKV标识?超大酒水置货架?沐浴球彩色墙?小白鞋墙还有网红打卡拍照墙怎么拍都好看！！各种各样的颜色背景墙这个蓝绿色真的无敌显白了全身半身怎么拍都好看拍照时候可以多做一点动作滤镜是我用iphone调的穿搭建议穿着KKV同款黄色或者在单品上有所呼应，比如宝蓝色这种色彩饱和度高的颜色，风格以青春感为主。我穿的白色T比较百搭OOTDT恤:AirWalk(我太喜欢他们家t了我也喜欢大一点可以oversive)短裤：运动鞋:Aj1黑灰中帮斜挎包：Furla铆钉包这个地方简直是为我们仙女量身定做我觉得我可以里面一整天！！快和姐妹们一起去探店吧 [组图共9张] 原图 
翻滚吧笑点菌:一大波超级实用的网红神器，一定要Mark！真的太棒了！ 翻滚吧笑点菌的微博视频  
吃喝玩乐全网罗:麻糬奶酪大曲奇|网红大曲奇，内含软糯拉丝的麻糬、奶香浓郁有嚼劲儿的奶酪丁，搭配略带咸味的肉松，吃一次你就知道它为什么能成为网红了~要做原味或者可可味、抹茶味的，原味不加红丝绒精华，可可和抹茶粉分别放8g就可以啦。cr：烘焙老虎#美食#蛋糕美食工场的秒拍视频   原图 
腿腿姐说腿型:为了能经营好自己的店铺，做个合格的网红达人，我去做了微创神经阻断术和直腿成形术，虽然自己个高，腿长，但是小腿肌肉过于强壮+OX型腿，很影响我的形象。多亏了@小熊瘦小腿，帮我建议上海靠谱的医生，我才能顺利成为合格的网红达人。  原图 
奇闻盘点:一些商家网红推荐的洗锅神器太假，别盲目相信  奇闻盘点的微博视频  
韩综小侦探:#妻子的味道#看网红年轻奶爸花式育儿，让宝宝独享居家游泳体验。 韩综小侦探的微博视频  
Fairy潮穿搭:满50元减20元，券后价39.9元。朝鲜冷面大包装！朝鲜族风味网红冷面，真空包装，自带料包，优选材料，酸甜可口，尽享美味。在家轻松做冷面~酸甜可口，想吃啥食材自己随心放【39.9】网红休闲零食 朝鲜冷面340g*8包 #好物推荐# #种草花花万物##好物分享[超话]# #种草[超话]#  [组图共3张] 原图 
大仔哥:一些商家网红推荐的洗锅神器太假，别盲目相信          大仔哥的微博视频  
祖传视频:网红的真实状态    #新星v计划#  祖传视频的微博视频  
柠檬橙0517:#成毅梦醒长安# cy#成毅沉香如屑# 成毅，阳光那么好，怎么可以辜负; 你那么好，怎么可以错过@成毅  原图 
晴天19931986:#成毅梦醒长安# cy#成毅沉香如屑# 时光匆匆而过，人也匆匆错过，但我一定不会错过你，成毅，因为你是我的幸运！做一个积极向上面对生活的人，就像你一样做着不为人知的努力，坚持着自己的梦想，你的好运气都藏在你的实力里，成毅我们一起加油，爱你永远！@成毅  原图 
qy淇毅果果:#成毅0517生日快乐 毅淇同行# cy#成毅梦醒长安# 早上好成毅！远处的云雾轻拂过黛山，橘黄色日落点缀其间，有风经过，停在窗边，这些美好的事物通通向我奔来，嘱咐我要热爱这个世界最好的你。演员成毅！未来可期！@成毅  [组图共3张] 原图 
i存存:#成毅梦醒长安# cy #成毅沉香如屑#051102成毅：“给自己建立信念感，这是一个演员应该做的。” @成毅  原图 
LostFlute:#爱豆v力量# cy #成毅正能量#成毅琉璃，成毅禹司凤，成毅长安诺，成毅萧承煦，成毅梦醒长安，成毅李炎，成毅南风知我意，成毅傅云深，成毅迷局破之深潜，成毅云弘深，成毅理想照耀中国，成毅关崇贵，成毅沉香如屑，成毅应渊帝君，成毅唐周@成毅 已满 不用回  原图 
天涯客之搁浅:#张哲瀚[超话]##张哲瀚0511生日快乐# 第一次追星，第一次陪你过生日，虽然知道你不一定能看到我的祝福，可我还是守在了零点准时给你说“生日快乐”祝你所求皆所愿，所行化坦途，多喜乐，长安宁...  原图 
沫影xx:#成毅梦醒长安# cy #成毅沉香如屑#5.11日jft@成毅  
小菠萝白月光:#成毅南风知我意# cy#成毅梦醒长安# 我知道遇见你不容易，错过了会很可惜，我不希望余生都是回忆，想余生每天都是你。@成毅       mxca nfzwy cxrx 成毅 傅诗淇 cy fsq成毅的微博视频  
嘉伦百合5227839611:#任嘉伦[超话]##任嘉伦锦衣之下#任嘉伦长安如故#我是越看越甜，顾总和小冲、广平王、陆大人、宣宣比起来，简直是太甜啦，而且是又暖又甜，看着顾总暗戳戳吃醋的样子，太可了。  [组图共3张] 原图 
诚心橙毅的果果:#成毅梦醒长安# cy #成毅南风知我意#成毅，希望你继续兴致盎然的与世界交手一直走在开满鲜花的路上吧.@成毅  原图 
用户7300957534:#成毅[超话]# @2021年我等更好的成毅：#成毅0517生日快乐 毅淇同行#cy#成毅梦醒长安# 成毅说“生日一起过！”好温柔，我已经在想象那个美好的画面了，一定是最美好的生日。@成毅 02  [组图共4张] 原图 
大白兔爱看宝超子:@任嘉伦Allen 我在#明星势力榜#内地榜上为你加油啦，你是我今生唯一的执著哦。棒棒哒！http://t.cn/EPBRaKj#任嘉伦一生一世# rjl#任嘉伦周生辰# rjl#任嘉伦长安如故# rjl#任嘉伦乌鸦小姐与蜥蜴先生# rjl#任嘉伦顾川# rjl#任嘉伦不说再见# rjl#任嘉伦穆青# rjl#任嘉伦蓝焰突击# rjl#任嘉伦李溪成#rjl#任嘉伦与君初相识# rjl#任嘉伦长意# rjl 任嘉伦@任嘉伦Allen #纯果乐品牌代言人任嘉伦##乐蜗家纺品牌代言人任嘉伦##力士奢选代言人任嘉伦##任嘉伦马克华菲品牌代言人##olay 品牌代言人任嘉伦##任嘉伦法丽兹品牌代言人##任嘉伦菲拉格慕伊人香水系列大中华区代言人##任嘉伦小林暖宝宝全球代言人##任嘉伦洛神山庄大中华区品牌代言人# @任嘉伦Allen 
宅派不宅:发现湖南的陕西馆子，像雨后青蛙一样蹦出来，秦九和、剪花娘子吃完，尝尝“味道长安”明档亮厨，比较放心。肉夹馍金灿灿，螺旋的馍胚～酥脆，就是肉汁少南瓜粥搭配，简直～下馍伴侣。长安凉皮和长沙不同，料多啊，推荐！  原图 
用户7300957534:#成毅[超话]# @2021年我等更好的成毅：#成毅0517生日快乐 毅淇同行#cy#成毅梦醒长安# 成毅说“生日一起过！”好温柔，我已经在想象那个美好的画面了，一定是最美好的生日。@成毅 02  原图 
只为支持淇淇:#成毅梦醒长安# cy#成毅沉香如屑# 5.11jf成毅演技好灵，成毅打戏好看，成毅共情能力强！演员成毅，你太优秀了！@成毅  原图 
我心血来潮你随便喊啥:#浪浪钉[超话]##张哲瀚0511生日快乐# 祝小哲老婆生日快乐！！所求皆如愿，所行化坦途，多喜乐，长安宁。（ps：昨晚太困睡着了，什么也没赶上，啥也错过了）  [组图共4张] 原图 
山药就是淮山:#白鹿长安如故# #白鹿一生一世# 5.11积分帖@白鹿my  原图 
小小草wf:#成毅0517生日快乐 毅淇同行#cy#成毅梦醒长安#5.11   jft    互捞成毅，希望你继续兴致盎然的与世界交手一直走在开满鲜花的路上吧.@成毅  原图 
用户7300957534:#成毅[超话]# @2021年我等更好的成毅：#成毅0517生日快乐 毅淇同行#cy#成毅梦醒长安# 成毅说“生日一起过！”好温柔，我已经在想象那个美好的画面了，一定是最美好的生日。@成毅 02  [组图共5张] 原图 
秦岭终南山居:独自挑战位于西安市长安区杨庄街道库峪的秦岭太兴山铁庙，登到岱顶的时候，眼前白雪皑皑，蓝天白云，阳光明媚，风非常的大，铁庙就在眼前，最后200米需要在悬崖上攀爬，当天还没有一位游客敢挑战，大风大雪我能过去吗?（具体情况关注后点击查看近期视频）#带着微博去旅行##自然风光##不止旅行# http://t.cn/RzkmD4L 显示地图 [组图共9张] 原图 
天羽手杖403:自主中型SUV对决，看瑞虎8 PLUS和长安UNI-K谁值得买？http://t.cn/A6V7j77T  原图 
黄紫玉眼熟:【汽车新闻】【2015年发售，雪铁龙确认DS X 7将于明年在中国开始生产】雪铁龙确认2014年在中国发售DS X7模型。这辆车是DS Wild Rubris概念车的量产版，预定在长安PSA合资公司生产。  
时光如画36:#成毅梦醒长安# cy#成毅沉香如屑# 成毅:“我觉得自己就是一个普通又平凡的人，甚至在生活里的一些琐碎事情上还存在短板。我也在努力，希望自己可以变得更好。”@成毅  原图 
某GIF某JPG:#成毅南风知我意# cy#成毅梦醒长安# 我知道遇见你不容易，错过了会很可惜，我不希望余生都是回忆，想余生每天都是你。@成毅       mxca nfzwy cxrx 成毅 傅诗淇 cy fsq成毅的微博视频  
润芝-毅淇傅诗:求Jf #浪凡心动大使成毅# cy#成毅梦醒长安#期待成毅云弘深 期待成毅梦醒长安 期待成毅李炎 期待成毅沉香如屑CXRX，成毅禹司凤，成毅应渊帝君 期待成毅南风知我意 成毅李炎，成毅琉璃，成毅长安诺，成毅好帅，成毅云弘深，成毅深潜，成毅南风知我意nfzwy，成毅梦醒长安mxca，成毅傅云深，成毅好帅@成毅  原图 
在韶敏_Eugene:【酷车鉴赏】【6月13日根据长安铃木公式，腾讯SX4 KN模型上市1。6 L的排气量共推出了6个车型，价格为8.58-11.88万元，7年为一次，在多家汽车企业中7年为更换该产品的周期。[织]  
大风起云飞扬_燕青:#杨超越心动的信号[超话]#杨超越影视剧：#杨超越羽你同行##杨超越将夜2##杨超越长安诺##杨超越且听凤鸣##杨超越理想之城##杨超越说英雄谁是英雄#推荐B站村芽泪目入坑地《一不小心路转粉了》杨超越集锦1～6短视频辟谣指路@杨超越辟谣事务署  新粉指路@杨超越新粉杂货铺 新粉请加入杨超越新粉群（1）杨超越新粉群（2）杨超越散粉的小小星球（2） 
壹颗小果子:#成毅梦醒长安# cy #成毅沉香如屑#成毅，立秋后 太阳逃离了北回归线  于是此后的白天就缩短了对你的思念   夜晚就久了我的辗转难眠  @成毅 成毅的微博视频  
随遇而安yci:#中国电视好演员[超话]##张予曦梦醒长安# 为张予曦签到   万物枯荣皆为你眼，我目眩神驰。而你一笑清明，潦倒我的众生。@张予曦  原图 
吃你的橘子my:#鹿依心飞，茸光相随[超话]##白鹿长安如故# [心]#白鹿一生一世# 5.11  原图 
用户7592463031:#成毅梦醒长安# cy #成毅沉香如屑#成毅:诗与远方都要去看看你总有想不到的惊喜和收获💞༺@成毅  原图 
用风中的百合花:愿你眉眼温润，眼中有星河，心中有诗和远方； 愿你鲜衣怒马，一日看尽长安花， 历尽山河万里， 归来仍是少年，勤奋的孩子，加油哦[加油][加油]  原图 
成毅家的柔柔:#成毅梦醒长安# cy #成毅李炎#梦醒望长安，千里江山如画。临风酬壮志，此生犹死不悔。期待成毅《梦醒长安》，期待天子李炎不惧朝堂风云，不怕阴谋陷阱，不忘壮志本心。@成毅  原图 
庄周梦里蝶:#白鹿长安如故# #白鹿一生一世# 5.11积分帖@白鹿my  原图 
不过现在0113:人生不管遇到什么挫折都不要轻言放弃网剧皮囊之下八月长安新剧定档开播#微博放映厅##金牌剪辑##新星v计划#  不过现在0113的微博视频  
·花朝月出_Jua·:#电视剧长安如故[超话]#  原图 
随遇而安yci:#明星势力榜[超话]##张予曦梦醒长安# 你称得上一切美好 你就是美好本身。张予曦未来可期！@张予曦  原图 
·花朝月出_Jua·:#电视剧长安如故[超话]#  原图 
随遇而安yci:#明星势力榜[超话]##张予曦梦醒长安# 你称得上一切美好 你就是美好本身。张予曦未来可期！@张予曦  原图 
cy的小帝君:#成毅梦醒长安# cy#成毅沉香如屑# 成毅：“我们一起努力，一起进步，一起越来越好。” @成毅  原图 
bbtyy逸929777042:莫似春风，不管盈盈，只愁银烛晓生寒，明日落花飞絮满长安《DanielleKlebes》 bbtyy逸929777042的微博视频  
傅_春春:#成毅梦醒长安# cy#成毅沉香如屑# 三十而立，发光成长，毅力前行！演员成毅，未来可期！@成毅  原图 
用户7300957534:#成毅[超话]#@2021年我等更好的成毅：#成毅0517生日快乐 毅淇同行#cy#成毅梦醒长安# 成毅说“生日一起过！”好温柔，我已经在想象那个美好的画面了，一定是最美好的生日。@成毅 02  [组图共5张] 原图 
各界导报丝路专刊:5月10日晚，陕西以盛世大唐迎接贵宾的最高礼仪——仿古入城式，迎接前来参加第五届丝绸之路国际博览会暨中国东西部合作与投资贸易洽谈会的中外嘉宾。图为嘉宾在南门瓮城欣赏大型文艺演出《梦长安》。  原图 
CY瑜vs瑞:#成毅梦醒长安# cy #成毅沉香如屑#5.11互           优秀的青年演员成毅，他会在未来的某一天成为最耀眼的星光，从这一刻起，我们便毅起守护他，陪着他将流年笑掷，让未来可期！@成毅  [组图共3张] 原图 
曦颜忆珺ff:#成毅梦醒长安# cy #成毅沉香如屑#支持成毅jft@成毅  
用户7300957534:#成毅[超话]# @2021年我等更好的成毅：#成毅0517生日快乐 毅淇同行#cy#成毅梦醒长安# 成毅说“生日一起过！”好温柔，我已经在想象那个美好的画面了，一定是最美好的生日。@成毅 02  [组图共6张] 原图 
金山农民:【昨日资金风向】周一，沪深两市窄幅震荡，沪指涨0.27%，深成指跌0.11%，创业板指涨0.39%。两市共计成交8550亿元，较上个交易日减少289亿元。盘面上，煤炭、有色、钢铁、数字货币等涨幅居前。龙虎榜上，资金净买前三的是600988赤峰黄金、000625长安汽车、000807云铝股份，分别为6.56亿、4.05亿、3.48亿。 
天羽手杖403:自主中型SUV对决，看瑞虎8 PLUS和长安UNI-K谁值得买？http://t.cn/A6V7j77T  原图 
天羽手杖403:自主中型SUV对决，看瑞虎8 PLUS和长安UNI-K谁值得买？http://t.cn/A6V7j77T  原图 
志国6344:分享星球故事 的@绿洲 动态：「20210511点赞祈福」 愿大家都能万事顺意！喜乐长安！#每日图片...绿洲  原图 
勇子rose:#成毅南风知我意# cy#成毅梦醒长安# 今日jf互捞今天有着迟暮的霞光，正如晚来的你皆是笑意。演员成毅，未来可期！@成毅  原图 
毅淇笑毅淇飞:#成毅0517生日快乐 毅淇同行#cy#成毅梦醒长安#5.11   jft    互捞成毅，你像是一场遥不可及的梦，却在我的世界里真实无比@成毅  原图 
潜水的皇昴流:#成毅0517生日快乐 毅淇同行# cy#成毅梦醒长安# 成毅演技好 成毅互 今天也是爱成毅哥哥的元气满满的一天@成毅   [组图共2张] 原图 
-17爱吃桃:#成毅梦醒长安# cy #成毅沉香如屑#成毅：“因为只要你自己喜欢，有梦想的话，你去做的过程当中就会很有动力。” @成毅  原图 
淇淇心情he:#成毅梦醒长安# cy#成毅沉香如屑# 5.11jf时间不语，却能验证很多东西。也许很多年后你依然不认识我，但不改初心，依旧支持你，只因为你是成毅。成毅加油@成毅  原图 
元气满满的真真:#成毅梦醒长安# cy#成毅南风知我意#成毅:遇见晚点没关系，只要余生都是你就行༺@成毅 元气满满的真真的微博视频  
齐希菡:#成都49中# 才看到这事，成都近一两年教育口真是出了不少事。。。我不理解学校为什么要捂这个盖子捂这么厉害，死亡学生家长要求看监控，看尸体，探听坠楼前后的事情是天经地义的时候，学校却这样搪塞拖延。现在什么详细线索也没出就直接出调查结果，当然不能服众。希望有进一步的调查结果给到家长。不过，成都人都知道，49中在成都是一所非常非常普通的高中，非重点，无名气。真权贵子女一般不会进这所学校读书，我觉得网传死亡学生在校内惹到牛逼人物被故意杀害的概率很小。。。除非校方给出该死亡学生在死亡前长期明确的情绪异常有自杀倾向的证据（很明显家长并没有预感），我更倾向于推测这是一件事故，是因为老师责骂或者与同学的矛盾短时间激发赌气发生意外，而学校为了维护即将高考的校园环境和舆论拙劣捂盖子的行为。我不赞成因为此时就上升全成都市的教育体制，但是49中必须给个详细令人信服的说法。 
小富婆明拾壹:成都网传的事情有点匪夷所思，发布的主体也有问题，这些年，媒体也好，公务系统也好，把自己的公信力作践的一塌糊涂，网中人不知道说啥好，哎  
深扒王:#化学老师#网传这件事跟其校化学老师有关系？  原图 
圈圈圆圆圈圈的我12:#化学老师#先不说网传是不是真实？现实是孩子没了，可以官方介入调查不？  
双卫:网传有洁癖的摩洛哥王子，讨厌别人对他做亲吻礼但又不得不握手的样子戳中我笑点了…  [组图共3张] 原图 
用户6220364163:最近，网上流传一个短视频，声称大米、芝麻酱和未成熟的西红柿这3种食物不可以放入冰箱储存。大米、芝麻酱放入冰箱会产生致癌的黄曲霉素，而未成熟的西红柿放冰箱会有植物性毒素。而未成熟的西红柿的确含有“毒素”龙葵碱，也就是网传视频中提到的“植物性毒素”，又名茄碱或马铃薯毒素，存在于马铃薯、西红柿及茄子等茄科植物中。这个短视频强行将未成熟的西红柿和冰箱扯上关系，属于生拉硬扯。 http://t.cn/A6V7TjMX 
刘江说法:《网传“成都四十九中学生从楼道坠落死亡”，学校回应了！》5月10日下午，成都第四十九中学校在其微博上发布官方回应称，5月9日18:40左右，该校一名学生从知行楼高空坠落。http://t.cn/A6V7Tf7d  原图 
笑趴了:#杭州野生动物世界致歉#网传杭州动物园老虎吃人视频不实#今日热门# 笑趴了的微博视频  
白石山林检:#苏州乐园回应过山车急停#【#过山车急停致乘客被困高空# 园方：气温骤升触发应急保护措施】苏州乐园森林世界关于“绝处重生”过山车急停的声明。声明称：网传5月9日苏州乐园森林世界绝处重生设备发生急停，游客被困高空。实际情况为5月9日13时15分，因天气原因温度骤升，设备安全传感器发出安全提示，为确保游客游玩安全，启动应急预案保护措施，将设备进行急停操作，随即由2名设备维修人员从维修通道到达游客乘坐的小车位置，手动打开安全压杠，引导游客从安全通道安全返回地面，13时35分完成全部游客的疏散。随后设备工程师对设备检测无异常并与设备厂商沟通确认后正常运营。 http://t.cn/A6V7Ith0 
Edwin_Junior:#意甲##EJSPORTS[超话]# RUMOR | 网传国米新赛季主场球衣  原图 
海天之边:《网传“成都四十九中学生从楼道坠落死亡”，学校回应了！》5月10日下午，成都第四十九中学校在其微博上发布官方回应称，5月9日18:40左右，该校一名学生从知行楼高空坠落。http://t.cn/A6V7lFnS 拒绝提俱视频。  原图 
南宁房天下:针对近期网传关于“实地地产集团子公司惠州市现代城房地产发展有限公司所开具的电子商业承兑汇票遭拒付”一事，实地地产集团于5月8日在其官网发布最新进展称：截至5月8日所涉及到期的商业承兑汇票，已100%承兑。同时，部分款项因涉及合作方诈骗，后续公司将继续配合公安机关经侦部门，推进案件侦破工作。 
妩媚地沈巍昂Eden:【微电影】【蝙蝠侠前传 3 ：黑暗骑士崛起】曝超长制作特辑，主创现身全方位解读制作幕后， 13 分钟哦，快转走慢慢的看吧！！影片于 7 月 20 日北美上映，网传内地 8 月底上映！！真心的希望快些上映呀 http://t.cn/zWcD0Br  
江北检察:【成都一#电瓶车电梯内起火烧伤多人#，短短几秒火焰吞噬整个电梯间】10日晚上7时34分，成都市成华区城南立交附近一小区内，电梯内电瓶车起火，电梯内多人被烧，包括一名婴儿。网传监控视频显示：电梯内有五人，电梯关门瞬间电瓶车起火，火焰瞬间吞噬整个电梯间。极目新闻记者从成都市成华区应急管理局获悉，暂时没有收到死亡报告。#电动车电梯里起火烧伤多人#http://t.cn/A6V7tMyh http://t.cn/A6V7txNc 
研晓198607:#成都四十九中回应学生在校高坠离世#真的坏名声，这传到外网去了丢脸丢大了，建国要百年了这礼物太大了  
天剑长空:#凤凰新闻#【南京女子实名举报丈夫出轨并长期受贿 官方通报】5月10日，国网江苏省电力公司南京供电公司官方微博@国网南京供电公司发布了《关于网传我公司职工韩某某有关情况的说明》。情况说明称，近日，网络上出现国网江苏省电力...南京女子实名举报丈夫出轨并长期受贿 官方通报来自@凤凰新闻客户端  原图 
老北京啊:#凤凰新闻#【南京女子实名举报丈夫出轨并长期受贿 官方通报】5月10日，国网江苏省电力公司南京供电公司官方微博@国网南京供电公司发布了《关于网传我公司职工韩某某有关情况的说明》。情况说明称，近日，网络上出现国网江苏省电力...南京女子实名举报丈夫出轨并长期受贿 官方通报来自@凤凰新闻客户端  原图 
有缘没份吗:#凤凰新闻#【南京女子实名举报丈夫出轨并长期受贿 官方通报】5月10日，国网江苏省电力公司南京供电公司官方微博@国网南京供电公司发布了《关于网传我公司职工韩某某有关情况的说明》。情况说明称，近日，网络上出现国网江苏省电力...南京女子实名举报丈夫出轨并长期受贿 官方通报来自@凤凰新闻客户端  原图 
多肉仙子vs兔子精:#成都四十九中回应学生在校高坠离世#回应了个毛线我现在只想知道网传沸沸扬扬的化学老师是哪个东西？不是 不是个东西 无锡  显示地图 
独行骑士·Lwf:网传“成都一中学生从楼道坠落死亡”，学校回应了http://t.cn/A6V7WhVT  原图 
靠谱的星石之陨:【#夜言#】学生在校意外离世后，网传校方拒绝家长入校 且不提供监控等信息，#成都49中#因此备受争议... 全文  
mu抗忙北鼻叫爹地:【瘦身美容】【网传的口红可以遮住伤口阴暗的眼睛周围吗？】我有孩子用的鞋子，在网上看到了用口红遮住眼睛的周围，这是对的吗？它的实用性口红虽然能阻挡黑眼圈的原理，但是通过颜色互补中和的方法来达到遮瑕效果。但是，我不建议朋友用口红遮盖黑眼圈。  
独行骑士·Lwf:#凤凰新闻#【南京女子实名举报丈夫出轨并长期受贿 官方通报】5月10日，国网江苏省电力公司南京供电公司官方微博@国网南京供电公司发布了《关于网传我公司职工韩某某有关情况的说明》。情况说明称，近日，网络上出现国网江苏省电力...南京女子实名举报丈夫出轨并长期受贿 官方通报来自@凤凰新闻客户端  原图 
李耀武微播:网传第二轮双一流建设高校动态调整建议名单！所谓的双一流计划，简单来说也就是两个一流，分别是世界一流大学和世界一流学科建设高校，在首轮双一流评选中，我国39所985和112所211均入选，一同入选的还有25无所双非大学。此次调整名单里，东北大学和湖南大学将从B类调整到A类。重庆大学将整改。双一流学科安徽大学也出现在整改名单中。这份名单是否准确，最终名单还要看官方通知！ 原图 
明星综艺秀:#杨颖#网传Angelababy弟弟杨帆要进娱乐圈了，准备参加选秀出道！来看看颜值可嘛？ 明星综艺秀的微博视频  
猎奇研究所:#社会新闻#网传小女孩卖气球遭城管，没收驱赶，小女孩大哭~ 猎奇研究所的微博视频  
蓬蒿人微评:#凤凰新闻#【南京女子实名举报丈夫出轨并长期受贿 官方通报】5月10日，国网江苏省电力公司南京供电公司官方微博@国网南京供电公司发布了《关于网传我公司职工韩某某有关情况的说明》。情况说明称，近日，网络上出现国网江苏省电力...http://t.cn/A6V72iDO来自@凤凰新闻客户端   微评：后院起火，反腐利剑！ 原图 
我们在济南:【#浙江一男子医院内摔砸护士电脑# 卫健局：警方介入调查】#卫健局回应男子医院内摔砸护士电脑#据网友爆料，5月9日，浙江宁波象山县第一人民医院急诊科内一男子摔砸医护工作人员的电脑。网传视频显示，一名黑衣男子将护士站工作人员的电脑猛砸在地，碎片四处散落。5月10日，记者从象山县卫健局处获悉有一台电脑和显示器受损，目前警方已介入，具体情况正在进一步调查处理中。 @正观视频 http://t.cn/A6Vh3q7C 
阳光报:【#浙江一男子医院内摔砸护士电脑# 卫健局：警方介入调查】#卫健局回应男子医院内摔砸护士电脑#据网友爆料，5月9日，浙江宁波象山县第一人民医院急诊科内一男子摔砸医护工作人员的电脑。网传视频显示，一名黑衣男子将护士站工作人员的电脑猛砸在地，碎片四处散落。5月10日，记者从象山县卫健局处获悉有一台电脑和显示器受损，目前警方已介入，具体情况正在进一步调查处理中。 @正观视频 http://t.cn/A6Vh3q7C 
凤凰周刊:【#浙江一男子医院内摔砸护士电脑# 卫健局：警方介入调查】#卫健局回应男子医院内摔砸护士电脑#据网友爆料，5月9日，浙江宁波象山县第一人民医院急诊科内一男子摔砸医护工作人员的电脑。网传视频显示，一名黑衣男子将护士站工作人员的电脑猛砸在地，碎片四处散落。5月10日，记者从象山县卫健局处获悉有一台电脑和显示器受损，目前警方已介入，具体情况正在进一步调查处理中。 @正观视频 http://t.cn/A6Vh3q7C 
天荒剑:网传肖战杨紫《余生请多指教》和王一博《冰雨火》将连着/播，芒果台骚操作又来了 这……你怎么看……  原图 
evtcz251:真是这样吗、孕酮……经过检测！专家通过对比试验发现！调查……未呈现相关性】网传蜂王浆含有高量雌激素；蜂王浆中雌二醇！相当于鸡蛋中含量的1%左右……  
Enill:#成都四十九中回应学生在校高坠离世#请先回应下所有网友质疑的以下几点吧：1.事发时间是否为网传的6点多，而救护车到来为8点多，死者家属9点多接到的通知。2.网传的唯独事发时的监控出现问题是否属实。3.死者是否在未经家属同意的情况下尸体已被火化？  
追星扒婆:有多个博主爆料称本日有爆炸性消息，网传疑似是余景天退赛…现在还不晓得真假。然则杭州和广州的应援屏已停息打卡更新5月5日最新消息:余景天方公布退赛，芳华有你停息录制，再次见证选秀汗青  [组图共6张] 原图 
八卦skr:网传任嘉伦、刘学义在接触《千秋》，是你心目中的沈峤与晏无师吗？  [组图共3张] 原图 
八卦skr:网传任嘉伦、刘学义在接触《千秋》，是你心目中的沈峤与晏无师吗？  [组图共3张] 原图 
我们爱追剧:🍉网传《折腰》男主檀健次、女主鞠婧祎，原著小乔又美又强，魏劭又帅又狗，有少年感又有帝王相，大家觉得他们俩合适吗？  【o(￣▽￣)ｄ୧(๑•̀◡•́๑)૭】  [组图共6张] 原图 
娱情别恋:黄子韬，徐艺洋粉丝battle起来了，之前不是网传两人的恋情吗？黄子韬粉丝说徐艺洋是废物，徐艺洋粉丝请韬粉丝停止网络暴力。这是什么情况？   [组图共9张] 原图 
冷烟的海角:#成都四十九中回应学生在校高坠离世# 【万】///无意义&//【利】//无意义/&//【霞 】，网传的中间字错了。可以在网上搜到这个名字，一直吞我发不出去。  
马行云天:人群对任何事物与现象的情绪一旦共振达到一定比例，便是收与割的转换时机。近前诸茅如此，远前钢铁、煤炭、有色、互网、传煤、水泥等如此，正演的也会。当然在加速的初期可以共舞，只是看谁在疯的时候心静或手快。  
槿夏栀年_:哈，我肝完了6张底图，发完就溜了破网到现在还没传完  原图 
仿生兔子会梦见电子忘羡吗:希望我们提到天官赐福时永远感觉像是吃到甜品时一样甜蜜幸福，哪怕在连载时我们经历了410831，哪怕是我们在天官赐福完结后姐一直退网不出现，哪怕是在去年双十一姐的谣言被传遍，哪怕是在小官动漫连载期间贴吧被爆破被制作公司背刺被刷一星，哪怕是被啥比明星粉丝大肆舔饼。。。。但是我相信什么事都经历过来了，未来只会更甜更美好，不会再痛苦了，我们提起天官赐福都只会是甜蜜幸福的。 
用户唐伯虎222:网传视频，这是什么情况？人不在了？还好有录像，大货车能说清楚，具体静待官方消息。#交规交管# 醉醒轩主的微博视频  
小杨今天快乐了8:#小杨的毕业日记# 🔟#大学里最难忘的事#每天早上从睁开眼的那一刻开始，时刻处于战斗状态。指导老师又在群里消息轰炸，QQ传来噩耗，昨天6块钱买的知网模拟查重不准，老师还在催着赶紧把论文提交到系统。毕业生最大的矛盾就是论文查重率太高与论文已经改无可改之间的不平衡的矛盾。找到planb赌了一把，赌赢了。我和小王永远都是那种在焦虑线上乱蹦哒的人，连着小李一起焦虑，谁都别想快活。胆小如鼠说的是我和小王没错了。查完重出去放风，今天走到学校外了。小吃街就是大学里最有青春气息的地方。各种食物的香味混合着下水道的一股臭味，还有螺蛳粉店里飘出来的味道，绝了！已经饿了现在。山东煎饼、蜜雪冰城、鸭锁骨、烤面筋、罗森、冰虾、凉粉、烤冷面、章鱼小丸子、小龙虾、烧烤、凉菜、钵仔糕…一镜到底怎么拍，我已经开始吞口水了。 [组图共12张] 原图 
wx百事通:真正网传的格致城西分校来了，大桥呢 无锡  显示地图 [组图共2张] 原图 
月落时怎么会啼:昨晚差点以为要经历两次官宣一回是博肖工作室同时发文 惊喜另一回是网传老许零点官宣 惊吓谁能懂我一边乐一边痛的心  
美国侨报网:【#台铁# 】“太鲁阁”号再传意外 一行人进入轨道被撞身亡【侨报网综合讯】台铁“太鲁阁”号402次列车10日在宜兰县发生意外，一名路人进入轨道，遭列车擦撞死亡。综合中央社、台北中时新闻网报道，台湾铁路管理局通报，“太鲁阁”号402次列车自新北市树林站开往台东县知本站，当地时间上午7时11分在宜兰县头城至礁溪间东正线吉祥路平交道撞及1名进入轨道的女子。宜兰县政府消防局表示，获报后立刻前往救援，但救护人员抵达现场时，女子已明显死亡，未送医。http://t.cn/A6V7Xb3C 原图 
"勤快的绳鑫琳灬:【生活百科】【喝蜂王浆会诱发乳腺癌？调查：未呈现相关性】网传""蜂王浆含有高量雌激素，会引发乳腺癌""，真是这样吗？专家通过对比试验发现，蜂王浆并没有增加乳腺癌风险，也没有降低致癌风险的效果；经过检测，蜂王浆中雌二醇、孕酮、睾酮三类激素含量很低，相当于鸡蛋中含量的1%左右。  "
VugeR_L:不愿再骂 知网为什么搜公务员搜出来全是春秋公羊传 这是什么奇怪的暗语触发机制吗  
扒圈内酱:王牌对王牌 不知不觉已经播到第6季了，到现在第6季也已经播出完毕了，刚播出完就又有网传第7季很快就要到来了，大家是不是很期待呀。曝《王牌7》嘉宾已出炉《王牌》已经播出第6季了，相信这综艺也积累了不少粉丝量，也是成为了大家休闲必备的一部综艺。每一季常驻嘉宾都会有所更换，但元老级人物贾玲和沈腾都会在，他们是给观众带来笑点的关键所在，每一期都是很精彩的。但最近网传《王牌7》的常驻嘉宾名单已经出来，关晓彤宋亚轩依旧会回归，但贾玲和沈腾却好像不会再继续拍摄这档综艺，而将会加盟的常驻嘉宾有韩雪、朱亚文和黄旭熙。对于韩雪，我们的印象可能只是停留在她影视作品中，也没有在比较正式的综艺中看过她的身影，有也只是飞行嘉宾而已，所以她的加入也是存在很大的质疑的。还有就是朱亚文和黄旭熙了，这阵仗好像是《奔跑吧》，但网传他们也将会加入《王牌7》，他们虽然有参加综艺的经验，但也是新人级别，可能一不小心就会弄垮整个综艺效果，对于他们的粉丝而言却是一个惊喜，在综艺节目里经常看到粉丝的身影谁不高兴？但其他人的粉丝却不是这个见解了。元老级人物被替换相信很多人去看《王牌》也是冲着这档综艺的灵魂人物贾玲和沈腾去的，他们在这档综艺中是个成功的存在，也是这综艺收视率的保障，那么对于一部分观众来说，没有他们就是没有灵魂，很多都会弃掉这档综艺。贾玲和沈腾本来就是喜剧人物，感觉就是为喜剧而生，他们在《王牌》中给观众带来了很多欢乐，很庆幸在冷场的时候有他们的存在，每一个救场都是拯救了整期的综艺效果，很感谢他们的存在给观众带来的欢乐。而整档综艺默契度最好的不过就是贾玲和沈腾，毕竟他们在小品和电影中曾搭档无数次，他们在游戏你画我猜中就很好的可以显示出来了。但这次网传他们不会再参加《王牌7》的拍摄，观众对次有什么看法呢。只剩当红流量小生而值得庆幸的是关晓彤和宋亚轩会继续回归，他们是当今的流量小生，给整档综艺都带来可观的收视率。那么关晓彤已经担任了很多季《王牌》的常驻嘉宾了，也已经学会了贾玲和沈腾的精髓所在，大长腿美女人设也已经给观众带来了深刻的印象，但是元老级别的人物不在了，这档节目还会有那个效果吗？而宋亚轩是在第六季是加入的，他其实只是算得上帮助沈涛一起主持，在节目中的才艺时刻唱唱歌、跳跳舞，在需要多人游戏的时候补上而已，节目镜头也是少之又少。如果《王牌》这档综艺真的只剩下关晓彤和宋亚轩作为常驻嘉宾，相信很多观众不会再追了，毕竟贾玲和沈腾才是灵魂所在，大家对《王牌》可能只剩失望了。《王牌7》很快就会回归，但网传元老级人物贾玲和沈腾被替换，只剩当红流量小生关晓彤和宋亚轩了，但也有新人加入，对于《王牌7》这次阵容的大换血，很多观众也是很失望的，但这只是网传，观众具体的还是要等官宣。好了，这篇文章就写到这里，小伙伴们对《王牌7》的阵容有什么建议和想法，都可以在下面评论区给小编留言哦~ [组图共8张] 原图 
只有嘉倫沒有別人:rjl#任嘉伦工作室辟谣网传新剧# rjl#任嘉伦新专辑三十二立# rjl#任嘉伦顾川# rjl#顾川 我一定要控制我自己# 每一个看似零零碎碎的生活碎片都是通往快乐星球的秘密隧道希望你能闪闪发光希望这个世界 是你爱的样子  @任嘉伦Allen    新浪音乐的微博视频  
漫步红尘中笑看那流年62059:发布了头条文章：《网传“成都四十九中学生从楼道坠落死亡”，学校回应了！》 近日，一名网友在网络发布信息，其中提到该网友于5月9日接到成都第四十九中学校发来的信息，表示其孩子因从楼道坠落身亡，但学校拒绝家长进入学校并不提供监控等信息，引起高度关注。 网传“成都四十九中学生从楼道坠落死亡”，学校回应了！  
直通屏山:【网传#江西某技校1男子疑被3人殴打# 教育局：已联合警方介入调查】#教育局回应江西某技校疑出现校园霸凌#5月10日，网传江西省萍乡市萍乡技校发生一起校园霸凌事件，视频显示，3名男子对1名男子进行殴打，另有人对此进行拍摄。萍乡市教育局宣教科工作人员称，已获悉相关情况，公安等部门已介入调查。#微博放映厅# http://t.cn/A6VhDOre 
娱子祺:娱乐圈吃瓜爆料：1、很多人问《千秋令》男主，不是网传的邓伦，成毅和张彬彬，目前只定了女主景甜。2、罗云熙他真人特别瘦，工作人员帮他增肥也没成功，看起来没什么精气神。3、大眼奶爸因为嫌弃小短手老婆过往的黑历史，觉得老婆以前玩儿的太野，有种交际花的感觉，一直不太愿意举办婚礼。4、荣梓衫为了长高，把牛奶当水喝，然后每天都做很多伸展类的运动。5、爱情情景喜剧里面的弟弟男星私生活方面禁不起推敲，玩儿的很疯，他性格比较固执，虽然低调但口碑不怎么样。 原图 
鸦羽文文丸三号:气死，，外网下老图纸资料，不支持断点续传，，一个雷把我网劈断了……还得哼哧哼哧重下一遍  
喂你吃个橘子:恭喜蝉姐c位出道啦❗ 峡谷顶流yyds👏明年的55，网传的敦煌，可能🈶 的典藏大美女衣服永远不嫌多永远喜欢阿貂  
龙在天涯8333:近日，一名网友在网络发布信息，其中提到该网友于5月9日接到成都第四十九中学校发来的信息，表示其孩子因从楼道坠落身亡，但学校拒绝家长进入学校并不提供监控等信息，引起高度关注。《网传“成都四十九中学生从楼道坠落死亡”，学校回应了！》5月10日下午，成都第四十九中学校在其微博上发布官方回应称，5月9日18:40左右，该校一名学生从知行楼高空坠落。http://t.cn/A6V7JwSl 原图 
三秦都市报:【成都一#电瓶车电梯内起火烧伤多人#，短短几秒火焰吞噬整个电梯间】10日晚上7时34分，成都市成华区城南立交附近一小区内，电梯内电瓶车起火，电梯内多人被烧，包括一名婴儿。网传监控视频显示：电梯内有五人，电梯关门瞬间电瓶车起火，火焰瞬间吞噬整个电梯间。极目新闻记者从成都市成华区应急管理局获悉，暂时没有收到死亡报告。#电动车电梯里起火烧伤多人#http://t.cn/A6V7tMyh http://t.cn/A6V7txNc 
橙子变美记:【：不清楚是否会造成伤害】5月1日，江苏泰州，网传溱湖动物园一位女饲养员在直播时给猴子画眼妆，同时推销美妆产品。视频引发网友质疑不满。2日动物园回应饲养员给猴子化妆：当时是为了直播拍摄效果，画完就洗掉了。对于化妆品是否会对猴子造成伤害，工作人员表示不清楚， 经看到网友反馈，后续会改进。  #美妆##医美##每日穿搭##时尚#  http://t.cn/A6V7xSHs 
笑趴了:#网传青3决赛成团名单已出#乘风破浪的姐姐 成团名单和你想的一样吗？#今日热门# 笑趴了的微博视频  
潍坊鑫林农牧机械官方微博:工业降温设备降温设备#影视版权收紧对短视频有什么影响#，工业降温设备排风机#熟蛋返生论文事件有多离谱#，工业降温设备风机水帘#谁是宝藏歌手评价#  潍坊鑫林农牧机械官方微博的微博视频  
小马影视剧:学术也能造假吗？欺侮性太强了！这是在欺侮谁的智商呢？真搞不懂教育界还有这种笑话，这种离谱事件就想像再说返老还童一样的江湖骗子啊！熟蛋返生论文第二作者后悔参与 这是在甩锅吗？好事都忙着抢功，坏事都忙着甩锅也是无语了  
胡万明in老专家中心:每日科技名词|蛋白质变性protein denaturation定义：特定物理或化学因子导致蛋白质非共价结构被破坏以及立体结构丧失的过程[OK]通常情况下，蛋白质的变性分为可逆变性和不可逆变性两种。当蛋白质变性程度比较轻的时候，在除去变性因素之后，因为蛋白质的空间结构并没有发生变化，这时候的蛋白质依旧能完全或者部分恢复原来的功能，这就是蛋白质的可逆变性，比较常见的就是盐析。蛋白质的变性因素持久，而且蛋白质的结构已经发生改变，这时候即便除去变性因素，蛋白质还是无法恢复原有功能，这就是蛋白质的不可逆变性。[OK]最常见的就是煮熟的蛋白，即使不再加热，也不能变成蛋清，“熟蛋返生”是无法实现的[OK] http://t.cn/A6VhJWCf 原图 
围脖影视:#金钱豹外逃涉事园区被责令整改#熟蛋返生涉事校长辞职，春霖职业培训学校被停业整改#今日热门# 围脖影视的微博视频  
潍坊鑫林农牧机械官方微博:变频风机养猪冷风机#谁是创造营成团夜意难平#，变频风机养殖湿帘#熟蛋返生论文事件有多离谱#，变频风机养鸡冷风机#你与rm有哪些回忆#  潍坊鑫林农牧机械官方微博的微博视频  
四大乐趣:【：长这么大从没说过谎言】克日，一篇有关“熟蛋返生孵鸡”的论文引发热议，该论文的第一作者郭萍在镜头前痛哭，称本身”长这么大历来没说过谎言”。你 ？批评区说说。 #搞笑幽默#   #快乐源泉#  四大乐趣的微博视频  
潍坊鑫林农牧机械官方微博:车间厂房通风降温设备畜牧风机#熟蛋返生论文事件有多离谱#，车间厂房通风降温设备风机湿帘#天津大学的回应为何网友不买账#，车间厂房通风降温设备养鸡冷风机#为什么喜欢自驾#  潍坊鑫林农牧机械官方微博的微博视频  
小呆喵浅醉:收了本王的银子，能帮父皇还有齐国的百姓们祈福，无奈高人只答#面对高压你是怎么扛过来的#应祈福，却不肯收银子，本王和王妃只好亲自去 #熟蛋返生孵小鸡论文能信吗#  [组图共2张] 原图 
潍坊鑫林农牧机械官方微博:养殖湿帘不锈钢风机#幼儿园有必要给家长上性教育课吗#，养殖湿帘铝合金水帘#熟蛋返生论文事件有多离谱#，养殖湿帘玻璃钢风机#假如一天赚两百万你会干什么#  潍坊鑫林农牧机械官方微博的微博视频  
潍坊鑫林农牧机械官方微博:水帘墙养猪冷风机#觉醒年代那些打动人心的角色#，水帘墙排风机#熟蛋返生论文事件有多离谱#，水帘墙冷风机#遇到爱泼冷水的人该怎么办#  潍坊鑫林农牧机械官方微博的微博视频  
潍坊鑫林农牧机械官方微博:风机养殖湿帘#有必要为了孩子买学区房吗#，风机猪场风机#如何看待张伟丽卫冕失败#，风机畜牧风扇#熟蛋返生论文事件有多离谱#  潍坊鑫林农牧机械官方微博的微博视频  
smxyue610:很感谢郭美美这样的人，得感谢他们得有恃无恐，所以，我们才能真正看到光鲜之下得欺骗，再比如，郑州的熟蛋返生论文，终于，那句多行不义必自毙有了伸张。其实，反思一下自己，我也只是打个嘴仗而已，因为，我犬儒，这样的结果，其实并没有我们一毛钱的功劳  
笑暖如春:没错  这煮熟的鸡蛋  还真的能孵出小鸡#校长发表熟蛋返生孵雏鸡论文#  [组图共2张] 原图 
减肥药奥利司他减肥瘦身瘦腿瘦腰:#减肥##减肥药# 瘦身从来不是为了让男人心动变瘦是一份送给自己的礼物取悦自己，认同自己‼️#原来这就是被爱的感觉##熟蛋返生论文作者在镜头前痛哭#  原图 
潍坊鑫林农牧机械官方微博:铝合金水帘畜牧风机#你接受亲人捐献器官吗#，铝合金水帘养殖换气扇#如何看待深房理集资炒房#，铝合金水帘铝合金水帘#熟蛋返生孵小鸡论文能信吗#  潍坊鑫林农牧机械官方微博的微博视频  
吉林市发布:#每日科技名词#【蛋白质变性】　　蛋白质变性　　protein denaturation　　定义：特定物理或化学因子导致蛋白质非共价结构被破坏以及立体结构丧失的过程。　　学科：生物物理学_分子与结构生物学_蛋白质折叠　　相关名词：可逆变性 不可逆变性　　【延伸阅读】　　蛋白质是由多种氨基酸通过肽键形成的高分子化合物。在蛋白质分子中氨基酸通过肽键及二硫键结合成具有一定顺序的肽链，称为一级结构；一级结构又通过氢键等形成有规则的构象，包括α-螺旋、β-折叠、β-转角和Ω-环等，称为蛋白质的二级结构；肽链在二级结构的基础上进一步盘曲折叠，形成一个完整的空间构象，称为三级结构；多条肽链通过非共价键聚集而成的空间结构称为四级结构。　　蛋白质变性是由物理或化学因素使蛋白质的空间构象遭到破坏而引起性质的改变（一般认为蛋白质变性是二级结构和三级结构改变或遭到破坏），称为蛋白质的变性。蛋白质一旦变性，其性质就发生了改变，如丧失生理活性，黏滞性增大，溶解度、渗透压、扩散率降低等。导致蛋白质变性的因素有很多，如高温、高压、高频振荡、高频辐射、酸、碱、有机溶剂、重金属离子、生物碱试剂等。　　通常情况下，蛋白质的变性分为可逆变性和不可逆变性两种。当蛋白质变性程度比较轻的时候，在除去变性因素之后，因为蛋白质的空间结构并没有发生变化，这时候的蛋白质依旧能完全或者部分恢复原来的功能，这就是蛋白质的可逆变性，比较常见的就是盐析。蛋白质的变性因素持久，而且蛋白质的结构已经发生改变，这时候即便除去变性因素，蛋白质还是无法恢复原有功能，这就是蛋白质的不可逆变性。最常见的就是煮熟的蛋白，即使不再加热，也不能变成蛋清，“熟蛋返生”是无法实现的。 原图 
笔墨此刻:近日熟蛋返生孵雏鸡论文在网上引发热议违背常识的观点却于《写真地理》期刊发表央视网评：奇葩论文侮辱了谁的智商？#熟蛋返生孵小鸡论文能信吗# 武汉·后湖  显示地图 原图 
潍坊鑫林农牧机械官方微博:园艺风机园艺风机#防跑路服务真能杜绝跑路现象吗#，园艺风机排风机#遇到爱泼冷水的人该怎么办#，园艺风机除尘风机#熟蛋返生孵小鸡论文能信吗#  潍坊鑫林农牧机械官方微博的微博视频  
潍坊鑫林农牧机械官方微博:环保空调园艺风机#面试时被面试官PUA怎么办#，环保空调变频风机#熟蛋返生论文事件有多离谱#，环保空调养殖风机#学不会奥数就输在起跑线上了吗#  潍坊鑫林农牧机械官方微博的微博视频  
潍坊鑫林农牧机械官方微博:风机湿帘通风设备#追求完美和按时交差哪个重要#，风机湿帘养殖风机#熟蛋返生孵小鸡论文能信吗#，风机湿帘风机湿帘#你遇到过哪些养生错觉#  潍坊鑫林农牧机械官方微博的微博视频  
潍坊鑫林农牧机械官方微博:温室风机水帘养殖换气扇#熟蛋返生孵小鸡论文能信吗#，温室风机水帘畜牧风机#从晋江月逝水录音听出了什么#，温室风机水帘鸡场风机#为何科学发展应考虑伦理问题#  潍坊鑫林农牧机械官方微博的微博视频  
潍坊鑫林农牧机械官方微博:湿帘墙排风扇#熟蛋返生论文事件有多离谱#，湿帘墙工业降温设备#遇到困难绕过去还是迎上去#，湿帘墙风机#老板临时改方案该怎么办#  潍坊鑫林农牧机械官方微博的微博视频  
潍坊鑫林农牧机械官方微博:养殖风扇降温设备#熟蛋返生孵小鸡论文能信吗#，养殖风扇铝合金湿帘#茶颜悦色起诉茶颜观色合理吗#，养殖风扇铝合金水帘#如何看待山河令开演唱会#  潍坊鑫林农牧机械官方微博的微博视频  
昵称提取失败:琦琦说我在宿舍做熟蛋返生实验  原图 
潍坊鑫林农牧机械官方微博:排风扇风机水帘#你会与家暴过你的父母和解吗#，排风扇通风设备#特斯拉晒奶茶是失败公关吗#，排风扇换气扇#熟蛋返生论文事件有多离谱#  潍坊鑫林农牧机械官方微博的微博视频  
潍坊鑫林农牧机械官方微博:冷风机养猪冷风机#特斯拉晒奶茶是失败公关吗#，冷风机降温风机#熟蛋返生论文事件有多离谱#，冷风机养殖冷风机#觉醒年代那些打动人心的角色#  潍坊鑫林农牧机械官方微博的微博视频  
我们的未来在哪里2090:#新华社:反智论文何以过审#这枚“返生”的熟蛋，到底刺痛了什么煮熟的鸡蛋能“返生”？河南郑州春霖职业培训学校校长郭某发表论文称，在其指导下，学生利用“超心理意识能量方法”，使煮熟的鸡蛋变成生鸡蛋并孵化小鸡。消息传出，瞬间“炸屏”。目前，郑州市人社局审批部门已到涉事学校进行调查，吉林省也派出工作组调查《写真地理》杂志出版单位。熟蛋返生，听起来像是奇思幻想，本质却是公开站在科学对立面上。让人无法接受的是，郭某表示不仅做了实验，而且“极其成功”——据说“返生”了40多枚，还把“实验报告”写成论文发表在“学术期刊”上”。而在这之前，郭某还做过“超意念实验：熟绿豆的返生实验”，称学员可跟熟绿豆“对话”。反科学，这是大多数人对“熟蛋返生”的第一判断。究竟如何做到熟鸡蛋返生？郭某表示：“培训的内容不便多说，是核心机密。”郭某身后的学校同样颇为“神奇”，除了教给学生“超心理意识能量方法”，还开展能量训练和教授意念移物，比如土遁、火遁、水遁、风遁、木遁、岩遁等，且收费不菲。如果只是个人突发奇想、自说自话，公众顶多也就是一笑了之，但是作为一个职业培训学校，他们是开班授课，而且开出了高昂培训费，摆明了要拿荒诞不经的想法去误人子弟、谋取不义之财。我们不禁要问，这么明目张胆反科学的学校到底是如何办起来的？有关部门是如何审批的？监管部门是怎么管理的？剥开这枚“返生”的熟鸡蛋，看到骗子熟悉的套路，看到算盘打到飞起的生意经，我们还需要审视，这样的“成果”到底是怎么发表在学术期刊上，这样的学术期刊又是怎样的期刊？多年前，对胸口碎大石的江湖杂耍，观者多是笑笑而已，毕竟那是表演。而如此招摇撞骗，以科研的名义写成论文，岂不让学术蒙羞？据报道，涉事期刊存在收取版面费的问题，有关部门有必要查核事实，如果属实，背后的违规问题必须得到严肃处理。剥开这枚“返生”的熟鸡蛋，我们还看到的是郭某数不清的头衔：咨询专家、研究中心副主任、课题组副组长、联谊会副理事长……这些身份含金量如何？是否名副其实？到底是什么人给她颁授的？有待相关部门查证。各方调查已陆续展开，期待这些调查更深入、更全面，除了敲碎“蛋壳”，更要净化熟蛋返生的生成土壤。社会，容不下欺骗的壳；科学，容不下一枚撒谎的蛋。(来源:人民日报客户端) 
潍坊鑫林农牧机械官方微博:降温设备湿帘墙#如何评价猎鹰与冬兵大结局#，降温设备保温设备#熟蛋返生孵小鸡论文能信吗#，降温设备养鸡冷风机#特斯拉公关为什么总是深夜发文#  潍坊鑫林农牧机械官方微博的微博视频  
潍坊鑫林农牧机械官方微博:降温风扇排风机#菜鸟驿站送货上门值得庆祝吗#，降温风扇畜牧风机#熟蛋返生孵小鸡论文能信吗#，降温风扇铝合金湿帘#防跑路服务真能杜绝跑路现象吗#  潍坊鑫林农牧机械官方微博的微博视频  
潍坊鑫林农牧机械官方微博:养猪风机温室风机#你接受亲人捐献器官吗#，养猪风机猪场风机#你与rm有哪些回忆#，养猪风机水帘墙#熟蛋返生论文事件有多离谱#  潍坊鑫林农牧机械官方微博的微博视频  
潍坊鑫林农牧机械官方微博:环保空调湿帘#熟蛋返生孵小鸡论文能信吗#，环保空调加温设备#1.6亿需交多少个税#，环保空调降温风机#如何解读李宇春新歌闭嘴跳舞#  潍坊鑫林农牧机械官方微博的微博视频  
最可怕的蘑鬼:#论文研究情趣内衣被嘲不务正业#大精小怪🙄许你研究熟蛋返生，不许我研究情趣用品？不务正业也比误人子弟好吧？  
电竞产业评论:发布了头条文章：《京东的电商+电竞生态，一场“熟蛋返生”实验》 #电竞# #英雄联盟# #京东#  京东的电商+电竞生态，一场“熟蛋返生”实验  
林楠笙今天娶我了吗:#论文研究情趣内衣被嘲不务正业#？这不比熟蛋返生有道理？  
听丿春风之影:不了了之？⚡【#“熟蛋返生”涉事学校已人去楼空# – 张洪泉：“熟蛋返生孵小鸡”论文作者道歉 砸了三家牌子】http://t.cn/A6cszlRp（分享自 @搜狐新闻客户端）  原图 
南方有嘉人一战成名yeap:#论文研究情趣内衣被嘲不务正业#所以现在营销号是准备干嘛，一个个当期起导师看起论文了?麻烦多抓抓熟蛋返生文，这种人家专业的就不要妄加论断了吧  
全球反邪联盟:发表了博文《申振钰：我所见证的“特异功能”热潮》澎湃新闻专访申振钰，聊她所见证的“特异功能”热潮。　　　　【以下是与申振钰的对话】　　澎湃新闻：这次“熟蛋返生”事件你有关注吗，当时看完后自己是什么感受申振钰：我所见证的“特异功能”热潮  
潍坊鑫林农牧机械官方微博:加温设备养猪冷风机#熟蛋返生孵小鸡论文能信吗#，加温设备铝合金水帘#绯色的子弹口碑#，加温设备养殖湿帘#亲人离世对人的影响有多大#  潍坊鑫林农牧机械官方微博的微博视频  
小小洁云:#熟蛋返生孵小鸡论文能信吗# 鸡蛋变成萌鸡，潮流插画 广州  显示地图 [组图共2张] 原图 
正版塞林格格:#论文研究情趣内衣被嘲不务正业#：熟蛋返生都可以研究，情趣内衣有什么不能研究的？没有情趣，何以有生物，何以有生蛋、熟蛋和返生蛋？#格林为之语塞#  
潍坊鑫林农牧机械官方微博:温室风机铝合金水帘#长期不运动的人会怎样#，温室风机冷风机#熟蛋返生孵小鸡论文能信吗#，温室风机养鸡冷风机#面试时被面试官PUA怎么办#  潍坊鑫林农牧机械官方微博的微博视频  
北京粉笔教育:#北京粉笔热点素材# 《反常识论文孵不出本真教育》近日，一篇“熟蛋返生孵雏鸡”的论文引发关注。据悉，该论文刊登在《写真地理》期刊上，作者为郑州某职业培训学校校长。如此违背常识的伪科学，何以登上专业期刊这片净土？监管部门当出手大力整治  [组图共7张] 原图 
潍坊鑫林农牧机械官方微博:畜牧风机热风机#公园改焚尸台印度疫情有多严重#，畜牧风机养殖湿帘#工作中被领导骂哭丢人吗#，畜牧风机排风机#熟蛋返生孵小鸡论文能信吗#  潍坊鑫林农牧机械官方微博的微博视频  
北京大兴:【消防灭火时捡到烤熟的鸡蛋】近日，山西临汾消防发布一则视频：消防员灭火时捡到几枚鸡蛋，同伴建议打开一个看看烤熟了没。消防员开玩笑称“不要杀生”，毕竟熟蛋可以返“生”。#没想到鸡蛋也会套娃#via:青流视频的秒拍视频  
泪溅花上396:气却徒然凌厉了几分，好似杀人的#只如初见#刀。 　　“他们的确不是能留了，只是......我有些好奇，他们究竟是如何知道这件事情的，是怀疑，还是真的知晓 #熟蛋返生论文事件有多离谱#  [组图共5张] 原图 
安徽商贸学院警务站:【#期刊若违规登论文将负哪些法律责任#？】#法律专家解读熟蛋返生论文事件#：《写真地理》所刊“熟蛋返生”论文，“滑天下之大稽”。“如论文是花钱或凭关系发稿，可能属于收受贿赂行为，若情节严重、数额较大可能上升到刑事犯罪；如是企业、期刊一贯的‘潜规则’，严重的可上升到非法经营罪范畴。” http://t.cn/A6c8y75N 
黑龙江林区检察:【#期刊若违规登论文将负哪些法律责任#？】#法律专家解读熟蛋返生论文事件#：《写真地理》所刊“熟蛋返生”论文，“滑天下之大稽”。“如论文是花钱或凭关系发稿，可能属于收受贿赂行为，若情节严重、数额较大可能上升到刑事犯罪；如是企业、期刊一贯的‘潜规则’，严重的可上升到非法经营罪范畴。” http://t.cn/A6c8y75N 
稚狮想:科学容不得半点伤害近日，一篇“熟蛋返生孵小鸡”的论文在网上疯传。许多网友质问：一个敢写一个敢发，此等反智论文究竟是如何过审的？熟鸡蛋能孵小鸡，这个明显违背科学常识的问题一验便知答案。重要的是，对于炮制和刊发如此荒诞论文的利益链条，以及号称能培养学生各种“超能力”且收费不菲的所谓教学，才更应被刨根问底，绝不能放过任何不法勾当。科学容不得半点伤害，抵御歪风邪气，需要各方共同努力。 
山里人_4016:【“熟蛋返生”：特异功能研究热，四十年余波未平】来自@一点资讯 “熟蛋返生”：特异功能研究热，四十年余波未平  
潍坊鑫林农牧机械官方微博:养殖换气扇畜牧风扇#熟蛋返生论文事件有多离谱#，养殖换气扇加温设备#特斯拉晒奶茶是失败公关吗#，养殖换气扇水帘墙#工作中被领导骂哭丢人吗#  潍坊鑫林农牧机械官方微博的微博视频  
未知世界大全:#涨姿势##科普#奇葩论文“熟蛋返生孵小鸡”论文，到底侮辱了谁的智商？ 未知世界大全的微博视频  
潍坊鑫林农牧机械官方微博:玻璃钢风机玻璃钢风机#有必要为了孩子买学区房吗#，玻璃钢风机工业降温设备#熟蛋返生论文事件有多离谱#，玻璃钢风机养鸡冷风机#女生打电竞更难获得支持吗#  潍坊鑫林农牧机械官方微博的微博视频  
隆尧司法官博:【#期刊若违规登论文将负哪些法律责任#？】#法律专家解读熟蛋返生论文事件#：《写真地理》所刊“熟蛋返生”论文，“滑天下之大稽”。“如论文是花钱或凭关系发稿，可能属于收受贿赂行为，若情节严重、数额较大可能上升到刑事犯罪；如是企业、期刊一贯的‘潜规则’，严重的可上升到非法经营罪范畴。” http://t.cn/A6c8y75N via央视新闻 
你不知道的科普:#冷知识#奇葩论文“熟蛋返生孵小鸡”论文，到底侮辱了谁的智商？ 你不知道的科普的微博视频  
爱即磐石:这不会成为第二个类似“熟蛋返生”实验吧？我有点不相信！复旦真厉害……复旦团队“人体经络图”火了！耗时9年，证明茶可疏通经络，网友：啊这都可以发论文_研究 http://t.cn/A6ckBRGw  原图 
曉玲曉玲曉曉玲:#熟蛋返生孵小鸡论文能信吗#  [组图共3张] 原图 
潍坊鑫林农牧机械官方微博:降温设备水帘墙#绯色的子弹口碑#，降温设备风机水帘#股票长期持有能赚钱吗#，降温设备冷风机#熟蛋返生孵小鸡论文能信吗#  潍坊鑫林农牧机械官方微博的微博视频  
金金金减肥啊:🎈╭══╮┌════════┐ 🌺   ╭╯ 闪开║   张哲瀚和海哲的婚车          来啦～ ╰⊙═⊙╯╰══⊙═══⊙══╯ @张哲瀚疯子  
ohfinebyme:#张哲瀚生日微博评论# 🎈╭══╮┌════════┐ 🌺   ╭╯ 闪开║   张哲瀚和海哲的婚车          来啦～ ╰⊙═⊙╯╰══⊙═══⊙══╯@张哲瀚疯子  原图 
随时都想喝奶茶:#张哲瀚生日微博评论#宝贝宝贝生日快乐！海哲姐姐们超级有心 🎈╭══╮┌════════┐ 🌺   ╭╯ 闪开║   张哲瀚和海哲的婚车          来啦～ ╰⊙═⊙╯╰══⊙═══⊙══╯@张哲瀚疯子  原图 
小哲公主的骑士:#张哲瀚生日微博评论#宝贝宝贝生日快乐！海哲姐姐们超级有心 🎈╭══╮┌════════┐ 🌺   ╭╯ 闪开║   张哲瀚和海哲的婚车          来啦～ ╰⊙═⊙╯╰══⊙═══⊙══╯@张哲瀚疯子  原图 
想知道啥昵称可以用:#张哲瀚生日微博评论#张哲瀚❤️ 海哲！ 🎈╭══╮┌════════┐ 🌺   ╭╯ 闪开║   张哲瀚和海哲的婚车          来啦～ ╰⊙═⊙╯╰══⊙═══⊙══╯ @张哲瀚疯子🚀         🌸🎀🎀🎀 🌸 🎀🎀🎀🚀🚀🌸🎀🎀🎀🎀🎀🎀🎀🎀🎀🌸🌸💕💕哲瀚❤️❤️海哲💕💕 🌸    🌸🎀💓💓💓💓💓💓🎀🌸          🌸🎀🚀🎀🎀🎀 🌸               🚀 🎀🎀🎀🌸          🚀     🌸🎀🌸     🚀               🌸 
梦断落花飞絮絮:#张哲瀚生日微博评论# 是这样吗？以你真心，换我真心。你的真心我看到了，我们的真心，都抛给你，老婆大人要接住哦。 🎈╭══╮┌════════┐ 🌺   ╭╯ 闪开║   张哲瀚和海哲的婚车          来啦～ ╰⊙═⊙╯╰══⊙═══⊙══╯ @张哲瀚疯子        iPad养乐多  原图 
DeerCanisius:🎈╭══╮┌════════┐ 🌺   ╭╯ 闪开║   张哲瀚和海哲的婚车          来啦～ ╰⊙═⊙╯╰══⊙═══⊙══╯ @张哲瀚疯子  
不知道换啥子名的星星哦_:真特么昏头一男的还没订婚就跟兄弟叽歪用啥婚车好🙄️🙄️🙄️  
力嘉慕丶廉洁:【玩车趣闻】你期待中自己的婚车什么样子？是这样吗？  
小七今晚一定要早睡:昨天梦见跟我关系最好的哥哥要结婚了 结婚前一晚我们家的一些女生亲戚住在了一起 睡的时候一直在做梦（梦中梦？？）都是特别开心的梦 什么梦见有男朋友啦 跟男神啵啵啦 结果第二天他老婆吐槽我说 我一直在笑吵的她睡不了觉 可是我们睡的不是同一个房间 她就说其实她本来就因为太激动没睡着 然后就准备坐婚车去结婚了 坐着坐着突然变成跟初中同学一起坐大巴 还要闯关那种 情况很危急 一不小心就要死了 车开了很长时间 从白天到晚上又到白天 就看到了日出 太阳一开始是只有个小轮廓 然后突然一整个的出现 咻的一下把月亮挤走了（） 
不到85斤不喝奶茶:#张哲瀚生日微博评论#海哲姐姐太用心了 🎈╭══╮┌════════┐ 🌺   ╭╯ 闪开║   张哲瀚和海哲的婚车          来啦～ ╰⊙═⊙╯╰══⊙═══⊙══╯张哲瀚宝贝生日快乐@张哲瀚疯子  原图 
机智的芭芭:这婚车是不想要了吧  机智王大叔的微博视频  
梅妮建:#张哲瀚生日微博评论# 🎈╭══╮┌════════┐ 🌺   ╭╯ 闪开║   张哲瀚和海哲的婚车          来啦～ ╰⊙═⊙╯╰══⊙═══⊙══╯@张哲瀚疯子  
综艺小兔叽:我的姐妹：大叔娶媳妇，不料前妻挡住婚车，带着两个女儿来砸场(1)  综艺小兔叽的微博视频  
稀啪烂hp:成都天气好到爆！！！#大众甲壳虫[超话]##敞篷甲壳虫##成都甲壳虫婚车# 成都 稀啪烂hp的微博视频  显示地图 
香菜达咩:#龚俊 张老师生日快乐#俊俊张老师锁死🔒🥰🥰🥰💒💒🔒🔒💒💒💒🔒🔒💒💒💒🔒🌷🌷🔑🔒🔑🌷🌷🔒💒 🔒🌷 龚俊💙💙张哲瀚   🌷🔒💒🔒🌷🌸正在热恋🌸🌷🔒💒💒💒🔒🌷双向奔赴🌷🔒💒💒💒💒💒🔒💐🌷💐🔒💒💒💒💒💒💒💒💒🔒💒💒💒💒💒💓 ╭══╮┌══════┐ 💓 ╭╯注意║ 俊哲❤️💓❤️婚车来了 ╰⊙═⊙╯╰══⊙══⊙═╯ 🌸🌸🌸🌸🌸撒花🌸🌸🌸🌸🌸 
开心可是很重要的:#浩瀚成海[超话]#求互捞 🎈╭══╮┌════════┐ 🌺   ╭╯ 闪开║   张哲瀚和海哲的婚车          来啦～ ╰⊙═⊙╯╰══⊙═══⊙══╯@张哲瀚疯子  原图 
蘭大人luo:#张哲瀚[超话]#[打call]#张哲瀚0511生日快乐# 每一句言辞都是祝福每一次心跳都是心动每一分都是满满爱意每一秒都是极致浪漫每一个511就是张哲瀚生日快乐 🎈╭══╮┌════════┐ 🌺   ╭╯ 闪开║   张哲瀚和海哲的婚车          来啦～ ╰⊙═⊙╯╰══⊙═══⊙══╯@张哲瀚疯子 [组图共9张] 原图 
都高爽_521:【汽车改装】【汽车改装】安博基尼aventador lp700-4婚车，你理想的婚车是什么？  
春似海深:#浩瀚成海[超话]#老婆生日快乐！！在这大好的日子来求积分啦，评论指路必回[牛年大吉] 🎈╭══╮┌════════┐ 🌺   ╭╯ 闪开║   张哲瀚和海哲的婚车          来啦～ ╰⊙═⊙╯╰══⊙═══⊙══╯@张哲瀚疯子  原图 
骨骼惊奇王大器:这特么婚车我不要了，再买一辆吧！！ 骨骼惊奇王大器的微博视频  
接亲网:#婚礼# #婚车租赁# #结婚# #备婚攻略# 发布了头条文章：《婚书是男方写还是都写  婚书一式几份》 http://t.cn/A6V7QfHg  
枚淋Dorothy:【玩车趣闻】国庆节就要到了，结婚潮就要来了。婚车怎么样？  
接亲网:#婚礼# #婚车租赁# #结婚# #备婚攻略# 发布了头条文章：《女方准备的基本嫁妆  结婚新娘必买清单大全》 女方准备的基本嫁妆  结婚新娘必买清单大全  
理想兀婚礼IdealistWedding:“我想成为你这一辈子最牵挂的人，这样你便不会孤独”祝金先生金太太新婚快乐[愉快]【礼仪】理想π婚礼及团队【场地】@溢香厅国际宴会中心 【司仪】译述-温孙翔【摄像】MEI【摄影】@云锦映画_摄影工作室 【化妆】曹锦形象/纯美学豆豆【甜品】浔米【婚车】@克拉婚车自驾租赁喜糖铺酒商 #温州婚礼##礼仪布置##温州礼仪##浙江礼仪##婚庆策划##复古婚礼##个性婚礼##我的走心婚礼##主题婚礼##金色婚礼##沙漠元素婚礼##游戏婚礼##婚礼##热门婚礼##婚礼设计##婚礼策划##婚礼##权利的的游戏# http://t.cn/A6V70uzj 
累了泪了_lzjq:家宴：新郎从婚车上下来，大姐脸色大变，直言：去买两个花圈  累了泪了_lzjq的微博视频  
接亲网:#婚礼# #婚车租赁# #结婚# #备婚攻略# 发布了头条文章：《2021年嫁娶婚姻择日大全 2021年登记好日子》 2021年嫁娶婚姻择日大全 2021年登记好日子  
舔狗哥:走到村口，大妈们群情纷纭：看，谁谁谁家，穷还要装，婚车用了一群面包车！       #一句冷幽默##搞笑视频#  舔狗哥的微博视频  
学鸿光丨审计员:【玩车趣闻】这样个性的结婚婚车，大多数人都不会想到吧！！  
接亲网:#婚礼# #婚车租赁# #结婚# #备婚攻略# 发布了头条文章：《现代订婚书范本怎么填写》 现代订婚书范本怎么填写  
白日梦小k:1⃣️：hs氪金出了名的厉害，cpf人多人均穷鬼被论坛群嘲望周知2⃣️：积分我可没你要过，别瞎扣帽子。3⃣️：你们已经被张哥弃养了。🎈╭══╮┌════════┐ 🌺   ╭╯ 闪开║   张哲瀚和海哲的婚车          来啦～ ╰⊙═⊙╯╰══⊙═══⊙══╯ 🥳  [组图共2张] 原图 
茂哥日记:许立娜：我宣布，我给闺蜜置办奢华婚礼，18辆婚车全部用粉红色特斯拉，我就不信邪！#西安一大学生因不当言论被退学##前任送的东西你会怎么处理#  原图 
Juniscutebaby:这棵朋友结婚那天在婚车里拍的树尤其喜欢，发一下吧  原图 
Gelako:捏吗的 我也心塞啊 我也想好好过日子快乐嗑糖啊 但凡xyxy出道我都不用过这日子啊 我说不定还能看到他俩异次元被起哄进婚车 王玉洁现在肯定也会跟着团活动 吗的 我也想啊  
好物超市:许立娜说：“我宣布:我给闺蜜置办的奢华婚礼18辆婚车全部用粉红色的特斯拉！！！我不信邪！！！ ”  原图 
嗨皮公主圆圆:#见过最有排面的打车#大概就是打到的是婚车  
祖部粥祖:【酷车鉴赏】对于新人来说，一辆装饰有鲜花和彩带的漂亮婚车是结婚过程中必不可少的，而宽敞豪华的婚车阵容更能实现对梦想的向往。让我们来看看这款超长婚姻悍马的华丽内饰。太棒了。没想到，这个外表硬朗的大家伙竟然有那么多浪漫主义者。  
龙修洁Warner:【玩车趣闻】本次历史上最贵的婚车队包括拉斯里乌斯幻影10台，每台价格为688.00-80.80万韩元，还有很多非常稀有的跑车。兰博基尼画廊P560 s，白色兰博基尼Murcielago 670-4 SV。还有古典跑车法拉利458意大利，法拉利599 GTO两台和法拉利F12。  
冰镇可乐吨吨吨:捏妈 我笑的想死啊哈哈哈哈哈哈    ╭══╮┌═══════♡═┐ ╭╯闪开║5水婚车来了🧴🐢🐢—╰⊙═⊙╯╰══⊙══⊙═🥂═╯  
Starguardian_Lux:╭══╮┌═══════♡═┐ ╭╯闪开║5水婚车来了🧴🐢🐢——╰⊙═⊙╯╰══⊙═══⊙═🥂═╯  
白鹘人头佛珠:╭══╮┌═══════♡═┐ ╭╯闪开║5水婚车来了🐢🐢——╰⊙═⊙╯╰══⊙═══⊙══╯  
接亲网:#婚礼# #婚车租赁# #结婚# #备婚攻略# 发布了头条文章：《如何算八字合不合  如何合婚姻八字》 如何算八字合不合  如何合婚姻八字  
1024专员:这特么婚车我不要了，再买一辆吧！！  1024专员的微博视频  
每日视频看看看:江苏两家婚车桥上对堵，两位新郎猜拳决定谁先过#社会新闻# 每日视频看看看的微博视频  
健身插班生:马路中间一队婚车，接了这个命在旦夕的流浪狗，估计会幸福一辈子希同姐姐的微博视频  
丶缝隙间的光:【酷车鉴赏】威廉王子的婚车宾利国家豪华轿车，世界上只有两辆。宾利2003年为伊丽莎白二世打造，6.75l-v8发动机，400马力。由Crispin Marshfield设计，女王亲自挑选了宾利设计总监Dirk van braeckel提出的各种建议。  
通城平安:男子见车门就拉拽，“碰运气”式盗窃婚车内数千现金红包🧧。 咸宁·通城县 通城平安的微博视频  显示地图 
藤肚柏eijiachuiA04:女司机跟姐妹借车反遭嘲讽：60万的宝马你赔不起，姐妹：我是看得起你 事情的经过是这样的，不久后男子的表妹要结婚，所以想和好兄弟借一辆宝马汽车作为婚车，仅仅是一两日，但是他的兄弟表示车子自己要用，借不了，让他开自己的车做婚车就好。可是女子的车只是一台便宜的国产车，作为婚车那多掉面儿，没想到借车不成，反而还遭到了嫌弃。 从图片的聊天记录就让人感觉生气了，男子曾经也多次把自己的国产小汽车借给兄弟，可是反过来兄弟却不借给他，还说他车子60万，出事了根本赔不起。 我们常说，有借有还，再借不难。但是宝马车主只借人家的车，却不把车借给人，而且说话的态度让人觉得看不起人，这还称得上是兄弟？男子无奈，只好选择去租车。 借车的风险确实大，因为是好朋友间借车，一旦有所损坏那就会让两人的关系陷入尴尬，借是人情，不借是情理，但是如果不借，就不要数落别人、看不起别人，找个合适的借口不借就行。但是一般关系铁的兄弟还是会借的，所以不借也能说明关系不够深。也不建议大家去和朋友借车，出事确实麻烦，有需要还是租车来得好，大家觉得呢？但是个人还是要好好维护自己的征信健康，同时也要小心被人盗用身份信息冒领贷款。如图所示 原图 
用户7306987792:鑫鑫婚车俱乐部  [组图共3张] 原图 
白小西x:☁️☁️☁️☁️☁️☁️☁️☁️☁️☁️☁️☁️☁️    ╭══╮┌═══✞═✞═✞══♡═┐💍╭╯闪开║🏍🦐的婚车来了🌹   ——╰⊙═⊙╯╰══⊙═══⊙═🥂═╯🌱🌱🌱🌱🌱🌱🌱🌱🌱🌱🌱🌱  
蓝鸢右脸有颗痣:一家人骑着电动车🛵 看见一结婚的婚车👩：也不知道新娘子在车上没👶：在呢 我都看见了 新娘还挺漂亮的 👩：跟谁一样漂亮👶：跟妈妈一样漂亮 （停顿两秒，然后接着说）新郎跟爸爸一样帅！  
今日长安事:#头条新闻##关注# 【#女子婚礼当天绿色特斯拉婚车滑下山沟#】近日，有网友称陕西一名女子出嫁，陪嫁了一辆绿色特斯拉，结果在中午就看到车从山坡下吊起。 目击者称疑似是车辆刹失灵，车子便从山坡上掉下，幸亏车中的大人和小孩都没事。凤凰新闻客户端的微博视频  
虾米鬼辣:Pr0phie的婚车昨天没赶上pr0phie的婚礼直播 今晚补补Hwinn啥时候结婚他跟他女票越看越般配 记得之前好像是lash说的 说hwinn看起来像个很帅的医生 我觉得他和他女票都像医生  [组图共2张] 原图 
西部热点网:#头条新闻##关注# 【#女子婚礼当天绿色特斯拉婚车滑下山沟#】近日，有网友称陕西一名女子出嫁，陪嫁了一辆绿色特斯拉，结果在中午就看到车从山坡下吊起。 目击者称疑似是车辆刹失灵，车子便从山坡上掉下，幸亏车中的大人和小孩都没事。凤凰新闻客户端的微博视频  
语文阅刊:【#大爷组团拦婚车被强行抬走#：要得太多了】5月7日，陕西咸阳，一村庄老人组团拦婚车。目击者唐先生表示，一路上被拦了三回，之前的给些烟就过去了。离新郎家只有30米的时候又被几个大爷拦住，给了烟和糖还是不走，要得比较多。无奈之下，几个年轻人才把老人们抬走。荔枝新闻的微博视频  
安静取舍悲QI37:【玩车趣闻】国庆节就要到了，结婚潮就要来了。婚车怎么样？  
王彩虹今天快乐了嘛:#华北理工大学[超话]##华北理工大学# 想了一百个有关美好的文案 都不及这一刻风的温柔和花的盛开还有你五月份一定要给自己爱的人和爱自己的人买一束花吖~周周杂货铺花花上新啦~私信我或者评论我发联系方式哦~(直接发会发不出来)  [组图共9张] 原图 
吴世勋条女丫:#EXO[超话]#还在为不知道怎么买专感到烦恼吗❓没关系 我来了❗️不会的姐妹可以私信或者在下方评论 在知道的范围内我会解答你‼️ 我手把手教你❗️不要觉得不好意思麻烦 都是E家人没什么不好意思[害羞]还有我脾气很好不吃人可以尽管来找我  原图 
Alice的正畸攻略:重庆姐妹们常问正畸的医院医生及问题整理：来自@整牙就问小仙女 （术业有专攻，专业的事儿找专业的人，牙齿矫正相关疑问都可以私信她给你解答哦）重庆口腔医院：小美口腔、美连口腔、美仑美奂口腔等等重庆正畸医生：曾凡军、阿诺德.马丁、杨建、陈丹鹏、刘利军等等做鲍牙多少钱？医生头衔等级如何？是在私立医院做好些还是公立医院好些呢？他们在网上的包装有没有水分？还有哪些可以推荐？有以下困惑的也可以【私信】找博主@整牙就问小仙女 兔费解答哦，还可以在评论区自助查询的#重庆 瑞泰口腔温秀杰/瑞泰口腔廖婧 /重庆做牙齿矫正 哪家医院干净卫生有资质/哪家矫正好价格又实惠##重庆 嘉悦口腔赵彪/金航口腔阿诺德.马丁 /重庆做箍牙 靠谱的整牙医院有哪些/哪个牙科诊所比较好# 原图 
冰川一片白:这里是#天秀bot# （不是tu） 欢迎关注！接投稿，投稿直接私信给我，但是因为量多，可能无法一一回复。互动话题也可投稿。为避免误会，请不要投稿其他博主发过的内容  原图 
肖小胖胖胖_:哪个好看私信告诉我  [组图共5张] 原图 
兔牙观察手册-:我竟然从未私信过肖战工作室  原图 
汤圆72278:成都大专落户， 成都落户等，有需要了解的吗私信哦～ 成都·高新区  显示地图 原图 
心动超标i:#美妆##时尚# 幸好，有最后一波的强行补救。  姐妹们有需要医美看脸的可以私信我，需要查询全国权威整容医院医生的可以自助查询http://t.cn/A6tDAe6Z  心动超标i的微博视频  
卡哇伊的箍牙妹妹子:重庆整牙干货【矫正避坑指南】以下疑问整理来自@重庆牙齿矫正推荐达人  【博主口腔正畸知识丰富，兔费给大家推荐专业的口腔医院医生，姐妹们可以直接私信她哈】 拔智齿矫正方案和不拔牙矫正方案如何？还有其他的方案可以参考吗？ 下颌先天缺失两颗切牙，门牙轻微前突有什么医院能推荐 DQ自锁牙套矫正和隐式矫正会不会磨嘴？ 重庆公立和私立口腔医院二次箍牙，二次矫正哪个靠谱？重庆牙博士口腔胡炯辉、重庆智强口腔何智强正畸费用如何 小伙伴们有不清楚如何选择医院医生，方案价格对比的都可以【私信】问@重庆牙齿矫正推荐达人 哦！~#重庆 牙齿纠正/骨性龅牙/虎牙外突异位/门牙牙缝 矫正正畸的医生学历好，资质高的正畸医生有哪些？能够周末接诊的医院医生有哪些？##重庆 瑞泰口腔赵莹/美仑美奂口腔马超群 哪个哪位医生谁的经验技术最好最厉害很牛吗？#~ 原图 
染夜七七:我看了下私信…应该是没我的份了吧@肖战工作室 当不存在，当看不见好不好  
箍牙小常识:重庆口腔医院『正畸必查攻略』整理来自@正畸功课bot  【术业有专攻，专业的事儿找专业的人，牙齿矫正相关疑问都可以私信她给你解答哦】【牙齿重度拥挤，两侧尖牙及磨牙均为远中尖对尖关系】，采用推磨牙向后矫正方案和拔除上颌两颗第一前磨牙矫正方案哪个效果最快？ 【牙齿拥挤不齐、中线不齐，个别牙齿扭转、牙齿咬合关系不正】，哪些正畸医生擅长矫正？ 【下排牙突，上颌双侧都没有尖牙】，用DQ自锁牙套矫正和钢丝自锁牙套哪种效果温和？ 重庆公立和私立口腔医院箍牙，矫正费用如何？小伙伴们有不清楚如何选择医院医生，方案价格对比的都可以【私信】问@正畸功课bot ，评论区还有快速查询链接。#重庆 牙齿正畸/牙齿内倾/门牙大 矫正正畸怎么解决/多久能整齐/需要多长时间/费用大概是多少##重庆 正牙/牙列拥挤不齐/上颌牙弓狭窄 矫正正畸费用包含拔智齿吗/智齿整牙需要拔吗/方案有哪些# [组图共2张] 原图 
十月息:我倒是没有私信骂过老工，但是我唯一的一串私信，我现在看来感觉脚趾抠地  原图 
Sorftime资讯:亚马逊运营选品，本周三直播带你分析产品市场，内容分为以下四大板块：1.常见选品逻辑与Sorftime选品逻辑，帮你明确选品思路；2.亚马逊类目市场变化趋势分析，发现市场规律；3.目标市场未来变化趋势预测，提前站到风口等待流量来；4.软件实操及选品分析。Ps：本次直播干货满满，机会不等人，赶快私信小编预约直播吧。#亚马逊# #亚马逊选品# #跨境电商# #亚马逊运营# 原图 
-坚果儿赞赞赞:看了看大号给工作室的私信，我决定退出这个游戏  
vivi的箍牙日志:重庆小伙伴常问牙齿矫正的医院医生及问题整理：来自@整牙就问小仙女 （术业有专攻，专业的事儿找专业的人，牙齿矫正相关疑问都可以私信她给你解答哦）重庆口腔医院：牙卫士口腔、欢乐口腔、维乐口腔等等重庆正畸医生：胡炯辉、张中原、王艳、陆开盛、王礼舟等等做虎牙不齐是全科医生做比较好?还是专科医生做比较好？做中线不齐的案例数反馈最好的医院医生是哪家？案例数最多的推荐哪个医生?有以下困惑的也可以【私信】找博主@整牙就问小仙女 兔费解答哦，还可以在评论区自助查询的#重庆 牙卫士口腔曾凡军/韩佳牙博士口腔彭继旭 /重庆做牙齿矫正 哪些医生经验丰富案例多/医院如何选择##重庆 仁品口腔杨建/金航口腔阿诺德.马丁 /重庆做口腔正畸 经验丰富的医院有哪个/哪个牙医技术强# 原图 
孟美岐永远的神:#双生姐妹花靳美玲靳庆玲[超话]# 认识你们好几年了 从来没有这么绝望过[晕] 微博也不发私信也不回 上线都是后半夜 @靳美玲  上都不上线的@靳庆玲Tatiya  
个股解析-老冯:手中持有以下个股不知去留，可以私信给我三一重工科大讯飞深圳能源园林股份新赛股份长安汽车菲达环保中远海控重庆燃气雪迪龙立讯精密江苏新能中财节能湖北能源中国黄金御银股份闽东电力京能电力盛和资源中成股份  
股市女指挥:#股市# #股票# #A股[超话]# 医美概念，再度出现异动，开能健康大涨12%领涨，创新医疗，澳洋健康、新华锦、悦心健康逆市大涨。昨天介入的$宜华健康 sz000150$ 收获涨停板一只私信“666”跟上今天的布局  原图 
小邱小邱内外兼修:发现抖音还是别随便开定位吧……不然你的私信会炸……我只是想在毕业之前定位一次学校而已……给我整无语了 宿迁·宿迁学院  显示地图 
SuuLiiI:出一个mac粉底液 色号n12 还有七八成 适合粉一白 我夏天涂和脖子色差太大了私信我给你看实物图 还有心心app的鉴定想买nc12/nc14在纠结中  
拒绝肖战1005次求婚:看了一下我私信司马小室的聊天记录，我大概是没机会了  原图 
箍牙小爱cc:重庆正畸医生丨整牙必看测评 整理来自@正畸功课bot 【博主从事口腔正畸行业多年，姐妹们有牙齿矫正相关疑问可以直接私信她哈】【牙列拥挤、门牙前突】，采用拔四颗牙，两颗智齿矫正方案和拔多生牙矫正方案多久能看到效果呢？ 【牙齿重度拥挤，右侧上尖牙完全没有间隙，牙弓往外】，有哪些医院能推荐？【牙列拥挤+虎牙+中线偏斜】，用奥美科金属自锁矫正和金属牙套矫正哪种效果好一点呀？重庆公立口腔医院和私立口腔医院，【牙列拥挤+虎牙+中线偏斜】做二次牙齿正畸相比各有什么优劣？小伙伴们有不清楚如何选择医院医生，方案价格对比的都可以【私信】问@正畸功课bot ，评论区还有快速查询链接。#重庆 牙齿矫正/牙列不齐/虎牙高位 矫正正畸可以调整吗/ 费用多少，包含哪些项目/牙套类型有哪些##重庆 牙齿纠正/牙列拥挤不齐/有颗虎牙埋伏牙 矫正正畸面诊需要注意哪些事项/对脸型的改变多大/最佳年龄# [组图共2张] 原图 
Alice的正畸攻略:重庆小伙伴常问箍牙的医院医生及问题整理：来自@整牙就问小仙女 （术业有专攻，专业的事儿找专业的人，牙齿矫正相关疑问都可以私信她给你解答哦）重庆口腔医院：华美口腔苟颖、贝尔口腔、维乐口腔等等重庆正畸医生：潘智、唐大海、于久越、赵彪、赵莹等等这些医生做门牙外翻的案例数多不多、是亲自操作，还是团队操作？做牙列拥挤的价格如何，值得找他们做正畸吗？还有其他的推荐吗？医院环境如何？会不会踩坑？有以下困惑的也可以【私信】找博主@整牙就问小仙女 兔费解答哦，还可以在评论区自助查询的#重庆 韩佳牙博士口腔彭继旭/瑞泰口腔温秀杰 /重庆做牙齿矫正 性价比比较高的医院有哪些/哪家矫正好价格又实惠##重庆 茁悦口腔陆开盛/齐美口腔宋秋 /重庆做整牙 靠谱的口腔医院和专家有哪些/哪家牙科比较好# 原图 
南瑾与春风:首页太好笑了，个个发自己跟老工的私信记录，我挨个嘲笑并发出“你们都完蛋了”。直到  原图 
Alice的正畸攻略:重庆小伙伴常问箍牙的医院医生及问题整理：来自@整牙就问小仙女 （术业有专攻，专业的事儿找专业的人，牙齿矫正相关疑问都可以私信她给你解答哦）重庆口腔医院：华美口腔苟颖、贝尔口腔、维乐口腔等等重庆正畸医生：潘智、唐大海、于久越、赵彪、赵莹等等这些医生做门牙外翻的案例数多不多、是亲自操作，还是团队操作？做牙列拥挤的价格如何，值得找他们做正畸吗？还有其他的推荐吗？医院环境如何？会不会踩坑？有以下困惑的也可以【私信】找博主@整牙就问小仙女 兔费解答哦，还可以在评论区自助查询的#重庆 韩佳牙博士口腔彭继旭/瑞泰口腔温秀杰 /重庆做牙齿矫正 性价比比较高的医院有哪些/哪家矫正好价格又实惠##重庆 茁悦口腔陆开盛/齐美口腔宋秋 /重庆做整牙 靠谱的口腔医院和专家有哪些/哪家牙科比较好# 原图 
南瑾与春风:首页太好笑了，个个发自己跟老工的私信记录，我挨个嘲笑并发出“你们都完蛋了”。直到  原图 
·Collapsar-:#时代少年团周边中转站[超话]#打包出炎(早鸟)、宠溺seta➕ 夜灯水晶球、翔霖慕尼黑page17、地平线还有一些零碎的大概250r左右的翔霖(打投盲盒pb周边、三糖硬壳、邮轮星期八映像、柚柠茶除pb以外周边）和67单人站周(糖罐除大pb以外全部、三日雨换装立牌、7花车巡游5个可擦立牌、7隐晦硬壳pb）总价在1k2左右，可以预留到月底，预留要给定金，走🐟 只打包，不拆不单出，不要私信问单价，出不掉就算了 
三骗就好:招人啦，招人啦（坐标：南宁朝阳附近)职       位：销售助理（不用销售、不用销售、不用销售）工作时间：周一至周六上午9点30至下午19点，午休12-13点；晚休17-18点。薪       资：试用期 无责底薪2500+提成，转正后 无责底薪3000+提成。购买社                  保， 包住。福利待遇：公司组织国内外旅游、带薪培训、带薪年假等。如果感兴趣的话，欢迎私信我哦。我会很耐心的帮助你了解这个职位的。（最后，谢谢你耐心看完这段文字~） 
白苏畵:持有以下个股或者手中股票有问题拿捏不稳的直接关注私信留言，我会一一回复。今日看盘中信建投东晶电子敦煌种业新余国科百邦科技华林证券中潜股份康强电子有研新材康强电子北方稀土铭普光慈大港股份汇源通信北矿科技招商南油华天科技智飞生物  
仲夏酒意入桃枝:#我们坐在高高的虾壳上听老虾讲过去的故事[超话]#@肖战工作室 朋友，你看下私信[笑哈哈]地址已经发你了，到时候福利直接发那个就行，不会改了哈哎嘛我真是善解人意的好虾虾#我喜欢肖战#  [组图共2张] 原图 
爱正畸的酱酱子:重庆小伙伴常问隐形矫正的医院医生及问题整理：来自@整牙就问小仙女 （术业有专攻，专业的事儿找专业的人，牙齿矫正相关疑问都可以私信她给你解答哦）重庆口腔医院：泰康拜博口腔、八益牙科、美莱口腔等等重庆正畸医生：潘智、阿诺德.马丁、王艳、吴树洪、张延昭等等他们做牙齿不对称的技术安全靠谱吗？哪位医生做的最好？每次复诊还会收取额外费用吗？隐形矫正哪个医院是最正规的？正规医院有哪些可以推荐？有以下困惑的也可以【私信】找博主@整牙就问小仙女 兔费解答哦，还可以在评论区自助查询的#重庆 瑞泰口腔廖婧/瑞泰口腔廖婧 /重庆做牙齿矫正 支持分期付款的医院有哪些/如何选择医院医生##重庆 好未来口腔沈渝丁/九泷齿科秦医生 /重庆做箍牙 平价一些的口腔医院有哪些/哪个医院比较划算# 原图 
东海娇羞少男:兄弟们，子落是无偿的，私信一哈我找找就发了，三块钱不贵但是不应当  原图 
多情猫眯卍:有很多宝私信妹妹说不要露脸，妹妹也是初来乍到，不懂规矩，那妹妹就把露脸照片全部删掉啦！  
sasa时尚医美网:#整形医生CICI# http://t.cn/A6buimUI 大容量全身吸脂（大腿吸脂+手臂吸脂+腰腹吸脂） 术后搭配独家研制减重配方，科学配比营养餐，45天轻松get好身材 对应你的肥胖类型，私信我获取定制减肥瘦身方案吧～ #大腿抽脂# #吸脂减肥塑形# #腰腹抽脂# #手臂抽脂#  [组图共6张] 原图 
EXO崽崽饲养手册:大队专正常价格的团购会开，愿意等的可以等等～回归抽奖也会有，有兴趣的晚点可以康康～再然后实在是工作进入特别忙的周期，下班了做单子和打包发货也很忙所以上线不太多，但是私信还是会看的，不会跑路也还在做事，感谢大家理解🙇♀️  
爱正畸的酱酱子:重庆小伙伴常问隐形矫正的医院医生及问题整理：来自@整牙就问小仙女 （术业有专攻，专业的事儿找专业的人，牙齿矫正相关疑问都可以私信她给你解答哦）重庆口腔医院：泰康拜博口腔、八益牙科、美莱口腔等等重庆正畸医生：潘智、阿诺德.马丁、王艳、吴树洪、张延昭等等他们做牙齿不对称的技术安全靠谱吗？哪位医生做的最好？每次复诊还会收取额外费用吗？隐形矫正哪个医院是最正规的？正规医院有哪些可以推荐？有以下困惑的也可以【私信】找博主@整牙就问小仙女 兔费解答哦，还可以在评论区自助查询的#重庆 瑞泰口腔廖婧/瑞泰口腔廖婧 /重庆做牙齿矫正 支持分期付款的医院有哪些/如何选择医院医生##重庆 好未来口腔沈渝丁/九泷齿科秦医生 /重庆做箍牙 平价一些的口腔医院有哪些/哪个医院比较划算# 原图 
东海娇羞少男:兄弟们，子落是无偿的，私信一哈我找找就发了，三块钱不贵但是不应当  原图 
多情猫眯卍:有很多宝私信妹妹说不要露脸，妹妹也是初来乍到，不懂规矩，那妹妹就把露脸照片全部删掉啦！  
sasa时尚医美网:#整形医生CICI# http://t.cn/A6buimUI 大容量全身吸脂（大腿吸脂+手臂吸脂+腰腹吸脂） 术后搭配独家研制减重配方，科学配比营养餐，45天轻松get好身材 对应你的肥胖类型，私信我获取定制减肥瘦身方案吧～ #大腿抽脂# #吸脂减肥塑形# #腰腹抽脂# #手臂抽脂#  [组图共6张] 原图 
EXO崽崽饲养手册:大队专正常价格的团购会开，愿意等的可以等等～回归抽奖也会有，有兴趣的晚点可以康康～再然后实在是工作进入特别忙的周期，下班了做单子和打包发货也很忙所以上线不太多，但是私信还是会看的，不会跑路也还在做事，感谢大家理解🙇♀️  
克喵喵:#夏小正[超话]#最近实在缺钱，来出一套明信片，包括南邻锦里、岌岌可危、苟苟、吞雨四组各八张，是自封袋zy车的周边，收价不叠邮。（不妥可私信我删掉[泪]）  [组图共5张] 原图 
太原微博房产:【把市区房子租出去 #上海七旬夫妇花140万到郊区养老#】上海的老唐今年70多岁，他和老伴儿最近做了一个决定——花140万在青浦区的一个养老社区租了一间15年使用期限的两室一厅。养老社区里配套齐全，服务周到，堪比度假村。签约前，他和老伴儿算过一笔账。“如果选择居家养老，家里请保姆，一个月保姆费就要6000多元，还要包保姆吃住。养老社区平均下来，每月花费不到8000元，其中包含了房租、服务费和物业管理费。”搬进养老社区后，老两口准备把原来市区的房子租出去，每月还能获得租金收入。via.  http://t.cn/A6ckASvs 
就爱券123:【17.8】居家日用擦玻璃镜子专用无水印鱼鳞抹布家务 加厚鱼鳞格百洁布，精选细纤维，去油去污，干湿两用，强吸水不掉毛，一巾多用，玻璃、厨房清洁神器，家庭好帮手必不可少！【赠送运费险】  擦玻璃镜子专用无水印鱼鳞抹布家务清洁布神器不掉毛吸水毛巾去油  [组图共3张] 原图 
郑州微博房产:【把市区房子租出去 #上海七旬夫妇花140万到郊区养老#】上海的老唐今年70多岁，他和老伴儿最近做了一个决定——花140万在青浦区的一个养老社区租了一间15年使用期限的两室一厅。养老社区里配套齐全，服务周到，堪比度假村。签约前，他和老伴儿算过一笔账。“如果选择居家养老，家里请保姆，一个月保姆费就要6000多元，还要包保姆吃住。养老社区平均下来，每月花费不到8000元，其中包含了房租、服务费和物业管理费。”搬进养老社区后，老两口准备把原来市区的房子租出去，每月还能获得租金收入。via. http://t.cn/A6ckASvs 
持家男神:👉第六波  🌴居家生活好物优选合集👈   ①『第 2项』RAOYI 糖果色细软毛牙刷3支+漱口杯 【10.90】 http://t.cn/A6V7rBtS  ②『中 华 老 字 号』梅林 美味午餐肉罐头340g*3罐 【36.00】 http://t.cn/A6V7rB9X  ③『旗 舰 店』独 立 包 装：苏太太 原 味/盐焗味南瓜子500g 【14.80】 http://t.cn/A6cgaTEy  ④『4层加 厚』陈乔恩带盐：植护 压花抽纸4层240张*40包 【27.90】 http://t.cn/A6ctA31q  ⑤『国 民品 牌』63 %棉：浪莎 男士中筒袜6双礼盒装 【29.90】 http://t.cn/A6V7rrvv  ⑥『某东自 营115』猫 超 直 供：冈本 003 超 润滑避孕套10只装+送同 款2只 （拍下显示） 【94.00】 http://t.cn/A6V7rrMA  ⑦『35 %棉』36款可选：猫人 女士卡通可爱短袖睡裙 【39.90】 http://t.cn/A6ckMiUY  ⑧『进 口可可粉』旗 舰 店：旺旺 巧克力口味牛奶罐装145ml*12罐 【29.20】 http://t.cn/A6cmF5qP  ⑨『倒 1项』6大草本精 华：子初 宝宝驱蚊喷雾33ml*2 【9.90】 http://t.cn/A6V7rrgR  [组图共9张] 原图 
持家一姐:👉第六波  🌴居家生活好物优选合集👈   ①『第 2项』RAOYI 糖果色细软毛牙刷3支+漱口杯 【10.90】 http://t.cn/A6V7rBtS  ②『中 华 老 字 号』梅林 美味午餐肉罐头340g*3罐 【36.00】 http://t.cn/A6V7rB9X  ③『旗 舰 店』独 立 包 装：苏太太 原 味/盐焗味南瓜子500g 【14.80】 http://t.cn/A6cgaTEy  ④『4层加 厚』陈乔恩带盐：植护 压花抽纸4层240张*40包 【27.90】 http://t.cn/A6ctA31q  ⑤『国 民品 牌』63 %棉：浪莎 男士中筒袜6双礼盒装 【29.90】 http://t.cn/A6V7rrvv  ⑥『某东自 营115』猫 超 直 供：冈本 003 超 润滑避孕套10只装+送同 款2只 （拍下显示） 【94.00】 http://t.cn/A6V7rrMA  ⑦『35 %棉』36款可选：猫人 女士卡通可爱短袖睡裙 【39.90】 http://t.cn/A6ckMiUY  ⑧『进 口可可粉』旗 舰 店：旺旺 巧克力口味牛奶罐装145ml*12罐 【29.20】 http://t.cn/A6cmF5qP  ⑨『倒 1项』6大草本精 华：子初 宝宝驱蚊喷雾33ml*2 【9.90】 http://t.cn/A6V7rrgR  [组图共9张] 原图 
豆子君:👉第六波  🌴居家生活好物优选合集👈   ①『第 2项』RAOYI 糖果色细软毛牙刷3支+漱口杯 【10.90】 http://t.cn/A6V7rBtS  ②『中 华 老 字 号』梅林 美味午餐肉罐头340g*3罐 【36.00】 http://t.cn/A6V7rB9X  ③『旗 舰 店』独 立 包 装：苏太太 原 味/盐焗味南瓜子500g 【14.80】 http://t.cn/A6cgaTEy  ④『4层加 厚』陈乔恩带盐：植护 压花抽纸4层240张*40包 【27.90】 http://t.cn/A6ctA31q  ⑤『国 民品 牌』63 %棉：浪莎 男士中筒袜6双礼盒装 【29.90】 http://t.cn/A6V7rrvv  ⑥『某东自 营115』猫 超 直 供：冈本 003 超 润滑避孕套10只装+送同 款2只 （拍下显示） 【94.00】 http://t.cn/A6V7rrMA  ⑦『35 %棉』36款可选：猫人 女士卡通可爱短袖睡裙 【39.90】 http://t.cn/A6ckMiUY  ⑧『进 口可可粉』旗 舰 店：旺旺 巧克力口味牛奶罐装145ml*12罐 【29.20】 http://t.cn/A6cmF5qP  ⑨『倒 1项』6大草本精 华：子初 宝宝驱蚊喷雾33ml*2 【9.90】 http://t.cn/A6V7rrgR  [组图共9张] 原图 
美搭安利菌:👉第六波  🌴居家生活好物优选合集👈   ①『第 2项』RAOYI 糖果色细软毛牙刷3支+漱口杯 【10.90】 http://t.cn/A6V7rBtS  ②『中 华 老 字 号』梅林 美味午餐肉罐头340g*3罐 【36.00】 http://t.cn/A6V7rB9X  ③『旗 舰 店』独 立 包 装：苏太太 原 味/盐焗味南瓜子500g 【14.80】 http://t.cn/A6cgaTEy  ④『4层加 厚』陈乔恩带盐：植护 压花抽纸4层240张*40包 【27.90】 http://t.cn/A6ctA31q  ⑤『国 民品 牌』63 %棉：浪莎 男士中筒袜6双礼盒装 【29.90】 http://t.cn/A6V7rrvv  ⑥『某东自 营115』猫 超 直 供：冈本 003 超 润滑避孕套10只装+送同 款2只 （拍下显示） 【94.00】 http://t.cn/A6V7rrMA  ⑦『35 %棉』36款可选：猫人 女士卡通可爱短袖睡裙 【39.90】 http://t.cn/A6ckMiUY  ⑧『进 口可可粉』旗 舰 店：旺旺 巧克力口味牛奶罐装145ml*12罐 【29.20】 http://t.cn/A6cmF5qP  ⑨『倒 1项』6大草本精 华：子初 宝宝驱蚊喷雾33ml*2 【9.90】 http://t.cn/A6V7rrgR  [组图共9张] 原图 
白菜乐淘淘:【￥9.8】顺丰包邮【力圣】驱蚊贴60片婴儿卡通 累积爆卖90万盒！试用无效果，全额退款 孕婴适用、植物草本萃取，安全无害，温和无刺激！ 防蚊，居家、办公、旅行、一贴搞定~十二生肖卡通设计，宝宝贴上都舍不得撕下  [组图共5张] 原图 
持家仙女:👉第六波  🌴居家生活好物优选合集👈   ①『第 2项』RAOYI 糖果色细软毛牙刷3支+漱口杯 【10.90】 http://t.cn/A6V7rBtS  ②『中 华 老 字 号』梅林 美味午餐肉罐头340g*3罐 【36.00】 http://t.cn/A6V7rB9X  ③『旗 舰 店』独 立 包 装：苏太太 原 味/盐焗味南瓜子500g 【14.80】 http://t.cn/A6cgaTEy  ④『4层加 厚』陈乔恩带盐：植护 压花抽纸4层240张*40包 【27.90】 http://t.cn/A6ctA31q  ⑤『国 民品 牌』63 %棉：浪莎 男士中筒袜6双礼盒装 【29.90】 http://t.cn/A6V7rrvv  ⑥『某东自 营115』猫 超 直 供：冈本 003 超 润滑避孕套10只装+送同 款2只 （拍下显示） 【94.00】 http://t.cn/A6V7rrMA  ⑦『35 %棉』36款可选：猫人 女士卡通可爱短袖睡裙 【39.90】 http://t.cn/A6ckMiUY  ⑧『进 口可可粉』旗 舰 店：旺旺 巧克力口味牛奶罐装145ml*12罐 【29.20】 http://t.cn/A6cmF5qP  ⑨『倒 1项』6大草本精 华：子初 宝宝驱蚊喷雾33ml*2 【9.90】 http://t.cn/A6V7rrgR  [组图共9张] 原图 
潮女专柜:👉第六波  🌴居家生活好物优选合集👈   ①『第 2项』RAOYI 糖果色细软毛牙刷3支+漱口杯 【10.90】 http://t.cn/A6V7rBtS  ②『中 华 老 字 号』梅林 美味午餐肉罐头340g*3罐 【36.00】 http://t.cn/A6V7rB9X  ③『旗 舰 店』独 立 包 装：苏太太 原 味/盐焗味南瓜子500g 【14.80】 http://t.cn/A6cgaTEy  ④『4层加 厚』陈乔恩带盐：植护 压花抽纸4层240张*40包 【27.90】 http://t.cn/A6ctA31q  ⑤『国 民品 牌』63 %棉：浪莎 男士中筒袜6双礼盒装 【29.90】 http://t.cn/A6V7rrvv  ⑥『某东自 营115』猫 超 直 供：冈本 003 超 润滑避孕套10只装+送同 款2只 （拍下显示） 【94.00】 http://t.cn/A6V7rrMA  ⑦『35 %棉』36款可选：猫人 女士卡通可爱短袖睡裙 【39.90】 http://t.cn/A6ckMiUY  ⑧『进 口可可粉』旗 舰 店：旺旺 巧克力口味牛奶罐装145ml*12罐 【29.20】 http://t.cn/A6cmF5qP  ⑨『倒 1项』6大草本精 华：子初 宝宝驱蚊喷雾33ml*2 【9.90】 http://t.cn/A6V7rrgR  [组图共9张] 原图 
时尚家居设计coco:60平美式风小公寓，浪漫舒适的居家感！ #造屋梦想[超话]# #最新装修效果图大全#  [组图共9张] 原图 
女神优衣柜:👉第六波  🌴居家生活好物优选合集👈   ①『第 2项』RAOYI 糖果色细软毛牙刷3支+漱口杯 【10.90】 http://t.cn/A6V7rBtS  ②『中 华 老 字 号』梅林 美味午餐肉罐头340g*3罐 【36.00】 http://t.cn/A6V7rB9X  ③『旗 舰 店』独 立 包 装：苏太太 原 味/盐焗味南瓜子500g 【14.80】 http://t.cn/A6cgaTEy  ④『4层加 厚』陈乔恩带盐：植护 压花抽纸4层240张*40包 【27.90】 http://t.cn/A6ctA31q  ⑤『国 民品 牌』63 %棉：浪莎 男士中筒袜6双礼盒装 【29.90】 http://t.cn/A6V7rrvv  ⑥『某东自 营115』猫 超 直 供：冈本 003 超 润滑避孕套10只装+送同 款2只 （拍下显示） 【94.00】 http://t.cn/A6V7rrMA  ⑦『35 %棉』36款可选：猫人 女士卡通可爱短袖睡裙 【39.90】 http://t.cn/A6ckMiUY  ⑧『进 口可可粉』旗 舰 店：旺旺 巧克力口味牛奶罐装145ml*12罐 【29.20】 http://t.cn/A6cmF5qP  ⑨『倒 1项』6大草本精 华：子初 宝宝驱蚊喷雾33ml*2 【9.90】 http://t.cn/A6V7rrgR  [组图共9张] 原图 
种草小熊猫:👉第六波  🌴居家生活好物优选合集👈   ①『第 2项』RAOYI 糖果色细软毛牙刷3支+漱口杯 【10.90】 http://t.cn/A6V7rBtS  ②『中 华 老 字 号』梅林 美味午餐肉罐头340g*3罐 【36.00】 http://t.cn/A6V7rB9X  ③『旗 舰 店』独 立 包 装：苏太太 原 味/盐焗味南瓜子500g 【14.80】 http://t.cn/A6cgaTEy  ④『4层加 厚』陈乔恩带盐：植护 压花抽纸4层240张*40包 【27.90】 http://t.cn/A6ctA31q  ⑤『国 民品 牌』63 %棉：浪莎 男士中筒袜6双礼盒装 【29.90】 http://t.cn/A6V7rrvv  ⑥『某东自 营115』猫 超 直 供：冈本 003 超 润滑避孕套10只装+送同 款2只 （拍下显示） 【94.00】 http://t.cn/A6V7rrMA  ⑦『35 %棉』36款可选：猫人 女士卡通可爱短袖睡裙 【39.90】 http://t.cn/A6ckMiUY  ⑧『进 口可可粉』旗 舰 店：旺旺 巧克力口味牛奶罐装145ml*12罐 【29.20】 http://t.cn/A6cmF5qP  ⑨『倒 1项』6大草本精 华：子初 宝宝驱蚊喷雾33ml*2 【9.90】 http://t.cn/A6V7rrgR  [组图共9张] 原图 
雏菊BellisPerennis:舒适亲肤感优雅居家套装 雏菊自制 法式复古黑  [组图共9张] 原图 
种草:👉第六波  🌴居家生活好物优选合集👈   ①『第 2项』RAOYI 糖果色细软毛牙刷3支+漱口杯 【10.90】 http://t.cn/A6V7rBtS  ②『中 华 老 字 号』梅林 美味午餐肉罐头340g*3罐 【36.00】 http://t.cn/A6V7rB9X  ③『旗 舰 店』独 立 包 装：苏太太 原 味/盐焗味南瓜子500g 【14.80】 http://t.cn/A6cgaTEy  ④『4层加 厚』陈乔恩带盐：植护 压花抽纸4层240张*40包 【27.90】 http://t.cn/A6ctA31q  ⑤『国 民品 牌』63 %棉：浪莎 男士中筒袜6双礼盒装 【29.90】 http://t.cn/A6V7rrvv  ⑥『某东自 营115』猫 超 直 供：冈本 003 超 润滑避孕套10只装+送同 款2只 （拍下显示） 【94.00】 http://t.cn/A6V7rrMA  ⑦『35 %棉』36款可选：猫人 女士卡通可爱短袖睡裙 【39.90】 http://t.cn/A6ckMiUY  ⑧『进 口可可粉』旗 舰 店：旺旺 巧克力口味牛奶罐装145ml*12罐 【29.20】 http://t.cn/A6cmF5qP  ⑨『倒 1项』6大草本精 华：子初 宝宝驱蚊喷雾33ml*2 【9.90】 http://t.cn/A6V7rrgR  [组图共9张] 原图 
省钱小白:👉第六波  🌴居家生活好物优选合集👈   ①『第 2项』RAOYI 糖果色细软毛牙刷3支+漱口杯 【10.90】 http://t.cn/A6V7rBtS  ②『中 华 老 字 号』梅林 美味午餐肉罐头340g*3罐 【36.00】 http://t.cn/A6V7rB9X  ③『旗 舰 店』独 立 包 装：苏太太 原 味/盐焗味南瓜子500g 【14.80】 http://t.cn/A6cgaTEy  ④『4层加 厚』陈乔恩带盐：植护 压花抽纸4层240张*40包 【27.90】 http://t.cn/A6ctA31q  ⑤『国 民品 牌』63 %棉：浪莎 男士中筒袜6双礼盒装 【29.90】 http://t.cn/A6V7rrvv  ⑥『某东自 营115』猫 超 直 供：冈本 003 超 润滑避孕套10只装+送同 款2只 （拍下显示） 【94.00】 http://t.cn/A6V7rrMA  ⑦『35 %棉』36款可选：猫人 女士卡通可爱短袖睡裙 【39.90】 http://t.cn/A6ckMiUY  ⑧『进 口可可粉』旗 舰 店：旺旺 巧克力口味牛奶罐装145ml*12罐 【29.20】 http://t.cn/A6cmF5qP  ⑨『倒 1项』6大草本精 华：子初 宝宝驱蚊喷雾33ml*2 【9.90】 http://t.cn/A6V7rrgR  [组图共9张] 原图 
门前铲雪:首页太太转毒液居家做饭视频 看到心想毒哈还挺rio挺日常生活的 再一想 毒哈 什么毒哈 男主不是叫埃迪吗 那毒哈是哪儿的 哦 原来是dc的 dceu不争气太久不看都淡忘了 但心里有座坟还埋着dc  
LL暖暖暖暖:#浪浪钉[超话]#老婆生日演唱会其中的投票不会是去见的吧，去机场，见朋友，居家。有种生日会结束就立刻赶飞机✈️去找西蒙的感觉。蒙在鼓里的hzjj们  
糖猫优品汇:【29.9】多款可选，精选优质纯棉面料，舒适柔软，顺滑清凉，出汗不沾身，甜美可爱，居家休闲可外穿，小仙女们，赶紧囤货拉~【赠运费险】   原图 
美食DIY频道:【9.9】洁丽雅，居家防滑拖鞋Q弹轻柔鞋底，裸感舒适，厚底凹凸纹理，防滑耐磨，告别浴室摔倒，安全舒适才是正确选择！情侣拖鞋，多色可选，快为自己和另一半挑选一双吧！ 洁丽雅厚底室内踩屎感家用拖鞋男女夏季居家情侣防滑外穿静音凉拖  [组图共3张] 原图 
大表哥聊数码:发布了头条文章：《发廊再见！小米专业理发器来袭，新手也能居家理发》  发廊再见！小米专业理发器来袭，新手也能居家理发  
娱乐经纪人:#张彬彬复古写真大片#一人千面，或沉静，或活力，或温暖，或冷峻，只因内心丰盈而自由，无惧任何挑战。@张彬彬Vin #张彬彬居家氛围大片#  [组图共10张] 原图 
小冯小冯干啥都成:我宣布按摩椅已加入我的居家必备清单  原图 
天津市眼科医院:智能设备实时守护特殊老年群体居家安全（图）      关注第五届世界智能大会      智慧养老服务平台      智能呼叫和监控设备　      近年来，和平区积极探索基于“智慧+”养老模式的社区和居家养老服务体系，打造区级居家养老应急呼叫服务中心。通过智慧化平台，实现涉老数据的互联互通、养老服务需求与供给的精准对接。目前，已为全区2500余户特殊老年群体免费安装智能设备，做到了实时守护特殊老年群体居家安全。 [组图共3张] 原图 
岳麓区租赁:#岳麓区租房[超话]#中电软件园、中兴通讯旁天麓小区五期110平三室两厅两卫大三房出租！2900/月包物业费！双开门大冰箱、滚筒洗衣机、定制大衣柜！居家三人合租都非常不错！   长沙  显示地图 [组图共6张] 原图 
知世团子日记:#浪浪钉[超话]# 居家look 为啥有恐龙睡衣  
Du盼盼clara景韵:太久没回家，家里都脏的没样了！居家卫生果然不能指望男人！ 济南  显示地图 原图 
福幺精:首页都在说以前私信骂小小室，突然觉得我自己可太温婉居家了。  原图 
瀚宝宝L:【汉堡自用】二代iPad Pro 12.9寸，120Hz高刷，四扬声器，立体声视听享受。9成新，灰色4G插卡全网通，256GB内存，无任何功能问题 ，原装充电器、包装，防摔壳，居家必备神器。出手原因：闲置 这个价格有高刷有性能，要什么iPad 2020平板所有功能完好，指纹、Wi-Fi、触摸、摄像头、蓝牙全部正常，保证纯原装，裸机贴好膜，原装充电器。 走某鱼，ID：iamthehan  放心购买，顺丰发出。  #iPad[超话]# [组图共9张] 原图 
无糖薄荷糖爱吃糖:居家不能不穿吗？！  
紫乘月归:老婆自己在家，居家look你希望是：A恐龙睡衣；B日式家居服。也太懂了吧？  
王小酸酸_W:王小酸: 糖醋小排 #美食分享# 加拿大 王小酸酸_W的微博视频  显示地图 
十三号大嘴鱼骑士:bbbbb居家服  
卖力气的小蜜蜂:【9.9】 冰蚕丝宽松安全裤   【5年老店，多色多码可选当睡裤穿也很不错哟】猪猪女孩衣柜里必不可少的单品之一，超好穿搭，阔腿版型，宽松显瘦，修饰腿型，内搭居家都可以~  [组图共6张] 原图 
冲浪少女王翠花:#毒液##毒液2预告#《毒液2》中文预告出炉当初那个凶残的外星物种已经变成了居家的小可爱了吗！“晚上好，陈太太”也太可爱了吧哈哈哈哈在第一部最后彩蛋出现的屠杀将成为毒液第二部的大反派，影片将于2021年9月16日全球上映，坐等定档 冲浪少女王翠花的微博视频  
台湾林添福:#手机摄影[超话]# 返台居家隔离完毕，2021年第一次“炼石”，基隆外木山。 中国·台湾  显示地图 [组图共9张] 原图 
种草小燕子:👉第九波  🌴居家生活好物优选合集👈  ①『旗 舰 店』7种 零 食：来伊份 坚果 零 食礼 盒1045g 【29.90】 http://t.cn/A6V7L9YI  ②『旗 舰 店』源馥春 白桃乌龙茶3.5g*10袋 【14.90】 http://t.cn/A6V7LCPf  ③『商 场同 款』5色可选：吉普 男士40支纯 棉T恤 【48.00】 http://t.cn/A6V7LCSM  ④『15分钟速 食』如在蜀 牛肚自热小火锅390g+什锦蔬菜迷你锅268g*3盒 【29.90】 http://t.cn/A6V7LCmE  ⑤『2 款可选』可调节背带：女士牛仔背带裙 【78.00】 http://t.cn/A6V7LNtB  ⑥『29 款可选』100 %棉：艾米恋 华风少女联 名女士短袖T恤 【24.50】 http://t.cn/A6V7LN1v  ⑦『90年品 牌』中 华 老 字 号：梅林 土豆烧牛肉罐头400g*4罐 【79.00】 http://t.cn/A6V7Lpfi  ⑧『21 年品牌』3A 级 抗 菌：猫人 男士石墨烯 抗 菌内 裤3条 【29.00】 http://t.cn/A6cbUFI1  ⑨『9 款可选』旗 舰 店：骆驼 情侣款束 脚运动裤 【69.00】 http://t.cn/A6V7L0eo  [组图共9张] 原图 
美搭一姐:👉第九波  🌴居家生活好物优选合集👈  ①『旗 舰 店』7种 零 食：来伊份 坚果 零 食礼 盒1045g 【29.90】 http://t.cn/A6V7L9YI  ②『旗 舰 店』源馥春 白桃乌龙茶3.5g*10袋 【14.90】 http://t.cn/A6V7LCPf  ③『商 场同 款』5色可选：吉普 男士40支纯 棉T恤 【48.00】 http://t.cn/A6V7LCSM  ④『15分钟速 食』如在蜀 牛肚自热小火锅390g+什锦蔬菜迷你锅268g*3盒 【29.90】 http://t.cn/A6V7LCmE  ⑤『2 款可选』可调节背带：女士牛仔背带裙 【78.00】 http://t.cn/A6V7LNtB  ⑥『29 款可选』100 %棉：艾米恋 华风少女联 名女士短袖T恤 【24.50】 http://t.cn/A6V7LN1v  ⑦『90年品 牌』中 华 老 字 号：梅林 土豆烧牛肉罐头400g*4罐 【79.00】 http://t.cn/A6V7Lpfi  ⑧『21 年品牌』3A 级 抗 菌：猫人 男士石墨烯 抗 菌内 裤3条 【29.00】 http://t.cn/A6cbUFI1  ⑨『9 款可选』旗 舰 店：骆驼 情侣款束 脚运动裤 【69.00】 http://t.cn/A6V7L0eo  [组图共9张] 原图 
寄居尘世nx:唐卡高90宽56厘米   牛皮纸材质 画质生动   绘画工艺精湛 整体高端大气      可居家会所   茶室酒楼    别墅书房悬挂 邢台·邢台县  显示地图 [组图共6张] 原图 
元峰泽愚:看了今日中国，天津居家养老丰富多彩，好幸福。 武汉  显示地图 
karterin:#如何看待动物园隐瞒豹子出逃#实在是居家流行，骂人掐架的必备良药啊!  
数码俯卧撑:发布了头条文章：《米家理发器，让居家理发告别寸头，自己动手也能做到精致过渡。》  米家理发器，让居家理发告别寸头，自己动手也能做到精致过渡。  
偏小嗳:#毒液说中文##毒液2斯坦李彩蛋# 这预告谁看了不说一句居家小可ren爱qi毒液  [组图共4张] 原图 
天津市口腔医院:智能设备实时守护特殊老年群体居家安全（图）智能设备实时守护特殊老年群体居家安全（图）  
归农物语:🍃｜健身#健身# #居家生活全记录#  绿洲 #属于2020的小确幸#  原图 
猪猪女孩:👉第九波  🌴居家生活好物优选合集👈  ①『旗 舰 店』7种 零 食：来伊份 坚果 零 食礼 盒1045g 【29.90】 http://t.cn/A6V7L9YI  ②『旗 舰 店』源馥春 白桃乌龙茶3.5g*10袋 【14.90】 http://t.cn/A6V7LCPf  ③『商 场同 款』5色可选：吉普 男士40支纯 棉T恤 【48.00】 http://t.cn/A6V7LCSM  ④『15分钟速 食』如在蜀 牛肚自热小火锅390g+什锦蔬菜迷你锅268g*3盒 【29.90】 http://t.cn/A6V7LCmE  ⑤『2 款可选』可调节背带：女士牛仔背带裙 【78.00】 http://t.cn/A6V7LNtB  ⑥『29 款可选』100 %棉：艾米恋 华风少女联 名女士短袖T恤 【24.50】 http://t.cn/A6V7LN1v  ⑦『90年品 牌』中 华 老 字 号：梅林 土豆烧牛肉罐头400g*4罐 【79.00】 http://t.cn/A6V7Lpfi  ⑧『21 年品牌』3A 级 抗 菌：猫人 男士石墨烯 抗 菌内 裤3条 【29.00】 http://t.cn/A6cbUFI1  ⑨『9 款可选』旗 舰 店：骆驼 情侣款束 脚运动裤 【69.00】 http://t.cn/A6V7L0eo  [组图共9张] 原图 
二月荷花5774051972:分享@居家懂太太 的@绿洲 动态：「卧室布置」 绿洲  原图 
挖券一姐:👉第九波  🌴居家生活好物优选合集👈  ①『旗 舰 店』7种 零 食：来伊份 坚果 零 食礼 盒1045g 【29.90】 http://t.cn/A6V7L9YI  ②『旗 舰 店』源馥春 白桃乌龙茶3.5g*10袋 【14.90】 http://t.cn/A6V7LCPf  ③『商 场同 款』5色可选：吉普 男士40支纯 棉T恤 【48.00】 http://t.cn/A6V7LCSM  ④『15分钟速 食』如在蜀 牛肚自热小火锅390g+什锦蔬菜迷你锅268g*3盒 【29.90】 http://t.cn/A6V7LCmE  ⑤『2 款可选』可调节背带：女士牛仔背带裙 【78.00】 http://t.cn/A6V7LNtB  ⑥『29 款可选』100 %棉：艾米恋 华风少女联 名女士短袖T恤 【24.50】 http://t.cn/A6V7LN1v  ⑦『90年品 牌』中 华 老 字 号：梅林 土豆烧牛肉罐头400g*4罐 【79.00】 http://t.cn/A6V7Lpfi  ⑧『21 年品牌』3A 级 抗 菌：猫人 男士石墨烯 抗 菌内 裤3条 【29.00】 http://t.cn/A6cbUFI1  ⑨『9 款可选』旗 舰 店：骆驼 情侣款束 脚运动裤 【69.00】 http://t.cn/A6V7L0eo  [组图共9张] 原图 
好物鸭:👉第九波  🌴居家生活好物优选合集👈  ①『旗 舰 店』7种 零 食：来伊份 坚果 零 食礼 盒1045g 【29.90】 http://t.cn/A6V7L9YI  ②『旗 舰 店』源馥春 白桃乌龙茶3.5g*10袋 【14.90】 http://t.cn/A6V7LCPf  ③『商 场同 款』5色可选：吉普 男士40支纯 棉T恤 【48.00】 http://t.cn/A6V7LCSM  ④『15分钟速 食』如在蜀 牛肚自热小火锅390g+什锦蔬菜迷你锅268g*3盒 【29.90】 http://t.cn/A6V7LCmE  ⑤『2 款可选』可调节背带：女士牛仔背带裙 【78.00】 http://t.cn/A6V7LNtB  ⑥『29 款可选』100 %棉：艾米恋 华风少女联 名女士短袖T恤 【24.50】 http://t.cn/A6V7LN1v  ⑦『90年品 牌』中 华 老 字 号：梅林 土豆烧牛肉罐头400g*4罐 【79.00】 http://t.cn/A6V7Lpfi  ⑧『21 年品牌』3A 级 抗 菌：猫人 男士石墨烯 抗 菌内 裤3条 【29.00】 http://t.cn/A6cbUFI1  ⑨『9 款可选』旗 舰 店：骆驼 情侣款束 脚运动裤 【69.00】 http://t.cn/A6V7L0eo  [组图共9张] 原图 
-秋智1004-:好喜欢这样的肖战，怎么说呢，没什么妆，清清淡淡，好居家的感觉  [组图共2张] 原图 
持家欧巴:👉第九波  🌴居家生活好物优选合集👈  ①『旗 舰 店』7种 零 食：来伊份 坚果 零 食礼 盒1045g 【29.90】 http://t.cn/A6V7L9YI  ②『旗 舰 店』源馥春 白桃乌龙茶3.5g*10袋 【14.90】 http://t.cn/A6V7LCPf  ③『商 场同 款』5色可选：吉普 男士40支纯 棉T恤 【48.00】 http://t.cn/A6V7LCSM  ④『15分钟速 食』如在蜀 牛肚自热小火锅390g+什锦蔬菜迷你锅268g*3盒 【29.90】 http://t.cn/A6V7LCmE  ⑤『2 款可选』可调节背带：女士牛仔背带裙 【78.00】 http://t.cn/A6V7LNtB  ⑥『29 款可选』100 %棉：艾米恋 华风少女联 名女士短袖T恤 【24.50】 http://t.cn/A6V7LN1v  ⑦『90年品 牌』中 华 老 字 号：梅林 土豆烧牛肉罐头400g*4罐 【79.00】 http://t.cn/A6V7Lpfi  ⑧『21 年品牌』3A 级 抗 菌：猫人 男士石墨烯 抗 菌内 裤3条 【29.00】 http://t.cn/A6cbUFI1  ⑨『9 款可选』旗 舰 店：骆驼 情侣款束 脚运动裤 【69.00】 http://t.cn/A6V7L0eo  [组图共9张] 原图 
7溜8溜不离虎纠:福屿路，福屿小区，一房一厅一厨一卫，居家精装，2200元，真实如图所示，有意联系我，13075867501 福州·福屿小区  显示地图 [组图共5张] 原图 
留学益网:#澳洲留学最新消息# —— #新南威尔士大学# 中国中心2021年T2（6月入学）报名将于明日截止申请！想要去#UNSW# 上海或宜兴校区的同学，抓紧时间报名啦！宜兴有配套校内宿舍和校外酒店式公寓，上海中心需要自行安排住宿。2个中国中心都将为学生提供各种学术辅导和组织多种线下活动，不喜欢居家网课的同学，可以考虑下哦！~~ （图源：新南官微） [组图共7张] 原图 
智慧6G科技公司:分享@居家懂太太 的@绿洲 动态：「卧室布置」 绿洲  原图 
安康日报:【电影《柳青》定档 将于5月21日全国公映】一部全景式描绘新中国建国后社会主义农村建设的电影《柳青》定档，将于5月21日全国公映。创作一部反映新中国农民集体创业的史诗巨著。柳青居家落户皇甫村的一所破庙里，他深入农村建设一线，扎根人民十四年，历经风雨，面对从互助组到合作社等一系列重要历史时刻，带领公社社员克服重重苦难，铁肩担道义，开辟了社会主义事业在农村的新局面，并在之后狂风暴雨般的运动中始终坚持真理，用自己的一生书写了一段艰苦卓绝的社会主义创业史。《柳青》以宏大的历史视角生动呈现了波澜壮阔的农业建设和农村制度改革，也在这一过程中通过鲜活的文艺形象回应了“新时代呼唤着怎样的人民文艺”这一时代之问。相信通过这部电影，广大观众能够一起与我们拥抱红色浪漫年代的如诗理想，一起享受贫乏中不断前进的生活，一起面对时代的惊涛骇浪，一起记录伟大作家用生命写就的颂歌。  http://t.cn/A6V7Dtzh 
豆子君:👉第九波  🌴居家生活好物优选合集👈  ①『旗 舰 店』7种 零 食：来伊份 坚果 零 食礼 盒1045g 【29.90】 http://t.cn/A6V7L9YI  ②『旗 舰 店』源馥春 白桃乌龙茶3.5g*10袋 【14.90】 http://t.cn/A6V7LCPf  ③『商 场同 款』5色可选：吉普 男士40支纯 棉T恤 【48.00】 http://t.cn/A6V7LCSM  ④『15分钟速 食』如在蜀 牛肚自热小火锅390g+什锦蔬菜迷你锅268g*3盒 【29.90】 http://t.cn/A6V7LCmE  ⑤『2 款可选』可调节背带：女士牛仔背带裙 【78.00】 http://t.cn/A6V7LNtB  ⑥『29 款可选』100 %棉：艾米恋 华风少女联 名女士短袖T恤 【24.50】 http://t.cn/A6V7LN1v  ⑦『90年品 牌』中 华 老 字 号：梅林 土豆烧牛肉罐头400g*4罐 【79.00】 http://t.cn/A6V7Lpfi  ⑧『21 年品牌』3A 级 抗 菌：猫人 男士石墨烯 抗 菌内 裤3条 【29.00】 http://t.cn/A6cbUFI1  ⑨『9 款可选』旗 舰 店：骆驼 情侣款束 脚运动裤 【69.00】 http://t.cn/A6V7L0eo  [组图共9张] 原图 
持家小哥:👉第九波  🌴居家生活好物优选合集👈  ①『旗 舰 店』7种 零 食：来伊份 坚果 零 食礼 盒1045g 【29.90】 http://t.cn/A6V7L9YI  ②『旗 舰 店』源馥春 白桃乌龙茶3.5g*10袋 【14.90】 http://t.cn/A6V7LCPf  ③『商 场同 款』5色可选：吉普 男士40支纯 棉T恤 【48.00】 http://t.cn/A6V7LCSM  ④『15分钟速 食』如在蜀 牛肚自热小火锅390g+什锦蔬菜迷你锅268g*3盒 【29.90】 http://t.cn/A6V7LCmE  ⑤『2 款可选』可调节背带：女士牛仔背带裙 【78.00】 http://t.cn/A6V7LNtB  ⑥『29 款可选』100 %棉：艾米恋 华风少女联 名女士短袖T恤 【24.50】 http://t.cn/A6V7LN1v  ⑦『90年品 牌』中 华 老 字 号：梅林 土豆烧牛肉罐头400g*4罐 【79.00】 http://t.cn/A6V7Lpfi  ⑧『21 年品牌』3A 级 抗 菌：猫人 男士石墨烯 抗 菌内 裤3条 【29.00】 http://t.cn/A6cbUFI1  ⑨『9 款可选』旗 舰 店：骆驼 情侣款束 脚运动裤 【69.00】 http://t.cn/A6V7L0eo  [组图共9张] 原图 
美搭安利菌:👉第九波  🌴居家生活好物优选合集👈  ①『旗 舰 店』7种 零 食：来伊份 坚果 零 食礼 盒1045g 【29.90】 http://t.cn/A6V7L9YI  ②『旗 舰 店』源馥春 白桃乌龙茶3.5g*10袋 【14.90】 http://t.cn/A6V7LCPf  ③『商 场同 款』5色可选：吉普 男士40支纯 棉T恤 【48.00】 http://t.cn/A6V7LCSM  ④『15分钟速 食』如在蜀 牛肚自热小火锅390g+什锦蔬菜迷你锅268g*3盒 【29.90】 http://t.cn/A6V7LCmE  ⑤『2 款可选』可调节背带：女士牛仔背带裙 【78.00】 http://t.cn/A6V7LNtB  ⑥『29 款可选』100 %棉：艾米恋 华风少女联 名女士短袖T恤 【24.50】 http://t.cn/A6V7LN1v  ⑦『90年品 牌』中 华 老 字 号：梅林 土豆烧牛肉罐头400g*4罐 【79.00】 http://t.cn/A6V7Lpfi  ⑧『21 年品牌』3A 级 抗 菌：猫人 男士石墨烯 抗 菌内 裤3条 【29.00】 http://t.cn/A6cbUFI1  ⑨『9 款可选』旗 舰 店：骆驼 情侣款束 脚运动裤 【69.00】 http://t.cn/A6V7L0eo  [组图共9张] 原图 
琑向披靡的玐:#博君一肖[超话]#是时候派个温婉居家的果子去委婉提示了（催自拍）……  [组图共2张] 原图 
持家仙女:👉第九波  🌴居家生活好物优选合集👈  ①『旗 舰 店』7种 零 食：来伊份 坚果 零 食礼 盒1045g 【29.90】 http://t.cn/A6V7L9YI  ②『旗 舰 店』源馥春 白桃乌龙茶3.5g*10袋 【14.90】 http://t.cn/A6V7LCPf  ③『商 场同 款』5色可选：吉普 男士40支纯 棉T恤 【48.00】 http://t.cn/A6V7LCSM  ④『15分钟速 食』如在蜀 牛肚自热小火锅390g+什锦蔬菜迷你锅268g*3盒 【29.90】 http://t.cn/A6V7LCmE  ⑤『2 款可选』可调节背带：女士牛仔背带裙 【78.00】 http://t.cn/A6V7LNtB  ⑥『29 款可选』100 %棉：艾米恋 华风少女联 名女士短袖T恤 【24.50】 http://t.cn/A6V7LN1v  ⑦『90年品 牌』中 华 老 字 号：梅林 土豆烧牛肉罐头400g*4罐 【79.00】 http://t.cn/A6V7Lpfi  ⑧『21 年品牌』3A 级 抗 菌：猫人 男士石墨烯 抗 菌内 裤3条 【29.00】 http://t.cn/A6cbUFI1  ⑨『9 款可选』旗 舰 店：骆驼 情侣款束 脚运动裤 【69.00】 http://t.cn/A6V7L0eo  [组图共9张] 原图 
潮女专柜:👉第九波  🌴居家生活好物优选合集👈  ①『旗 舰 店』7种 零 食：来伊份 坚果 零 食礼 盒1045g 【29.90】 http://t.cn/A6V7L9YI  ②『旗 舰 店』源馥春 白桃乌龙茶3.5g*10袋 【14.90】 http://t.cn/A6V7LCPf  ③『商 场同 款』5色可选：吉普 男士40支纯 棉T恤 【48.00】 http://t.cn/A6V7LCSM  ④『15分钟速 食』如在蜀 牛肚自热小火锅390g+什锦蔬菜迷你锅268g*3盒 【29.90】 http://t.cn/A6V7LCmE  ⑤『2 款可选』可调节背带：女士牛仔背带裙 【78.00】 http://t.cn/A6V7LNtB  ⑥『29 款可选』100 %棉：艾米恋 华风少女联 名女士短袖T恤 【24.50】 http://t.cn/A6V7LN1v  ⑦『90年品 牌』中 华 老 字 号：梅林 土豆烧牛肉罐头400g*4罐 【79.00】 http://t.cn/A6V7Lpfi  ⑧『21 年品牌』3A 级 抗 菌：猫人 男士石墨烯 抗 菌内 裤3条 【29.00】 http://t.cn/A6cbUFI1  ⑨『9 款可选』旗 舰 店：骆驼 情侣款束 脚运动裤 【69.00】 http://t.cn/A6V7L0eo  [组图共9张] 原图 
我是个送白菜的小猴子:来啦来啦【5.9】家来纳，垃圾袋加厚5卷125只125只居家必囤！真正的加厚垃圾袋，加大加厚，韧性十足，垃圾袋闭眼囤~承重强，不易破，断点设计，可盛放各类垃圾！一个不到一毛钱，怎么用都不心疼！  [组图共3张] 原图 
搭配一姐:👉第九波  🌴居家生活好物优选合集👈  ①『旗 舰 店』7种 零 食：来伊份 坚果 零 食礼 盒1045g 【29.90】 http://t.cn/A6V7L9YI  ②『旗 舰 店』源馥春 白桃乌龙茶3.5g*10袋 【14.90】 http://t.cn/A6V7LCPf  ③『商 场同 款』5色可选：吉普 男士40支纯 棉T恤 【48.00】 http://t.cn/A6V7LCSM  ④『15分钟速 食』如在蜀 牛肚自热小火锅390g+什锦蔬菜迷你锅268g*3盒 【29.90】 http://t.cn/A6V7LCmE  ⑤『2 款可选』可调节背带：女士牛仔背带裙 【78.00】 http://t.cn/A6V7LNtB  ⑥『29 款可选』100 %棉：艾米恋 华风少女联 名女士短袖T恤 【24.50】 http://t.cn/A6V7LN1v  ⑦『90年品 牌』中 华 老 字 号：梅林 土豆烧牛肉罐头400g*4罐 【79.00】 http://t.cn/A6V7Lpfi  ⑧『21 年品牌』3A 级 抗 菌：猫人 男士石墨烯 抗 菌内 裤3条 【29.00】 http://t.cn/A6cbUFI1  ⑨『9 款可选』旗 舰 店：骆驼 情侣款束 脚运动裤 【69.00】 http://t.cn/A6V7L0eo  [组图共9张] 原图 
挖白菜去:【14.8】 超舒服踩屎感拖鞋夏季情侣款   【买1送1】想和你一起连拖鞋都是情侣款，有颜值实力派怎能不爱！简单大方，超软超舒适，耐磨耐穿，脚底按摩设计，健康无异味，质量超级好，居家必备！  [组图共6张] 原图 
